"ID","Category","Idea","Status","Priority","Research Notes","Sources","Draft Location","Published URL","Date Completed","Related IDs"
DC001,"Streets, names, and the small absurdities of geography",Does Oak Street actually have any oak trees?,Published,,"Published on DataCuse; live article verified on 2026-09-18. Numbered post folder contains the story, images, and analysis.",,C:\Users\samie\Projects\datacuse\DataCuse\content\1_oak_street_trees\story\index.md,https://www.datacuse.com/stories/oak-street-trees/,2026-09-18,
"DC002","Streets, names, and the small absurdities of geography","What is Syracuse’s shortest named street?","Published","","Published on DataCuse; live article verified on 2026-09-19. Covers full-name letter counts, mapped street segments, and connected whole streets; explains the South Avenue junction caveat.","","C:\Users\samie\Projects\datacuse\DataCuse\content\2_shortest_street\story\index.md","https://www.datacuse.com/stories/syracuse-shortest-street/","2026-09-19","DC017"
"DC003","Streets, names, and the small absurdities of geography","What is its longest street—and where does it really end?","Ready","","Draft and five graphics checked 2026-09-20. Canal Street: longest individual source feature, 3,359 ft. Literal longest name field: East Brighton Avenue Avenue Northbound, 34 letters, with anomaly disclosed. South Salina: 4.66 miles inside Syracuse; Erie carriageways checked separately (5.93 summed versus about 3.57 along corridor). No field or street-sign survey. Unpublished; ready for editorial review.","https://services6.arcgis.com/EbVsqZ18sv1kVJ3k/arcgis/rest/services/NYS_Streets/FeatureServer/0; https://gisservices.its.ny.gov/arcgis/rest/services/NYS_Civil_Boundaries/MapServer/4; snapshot 2026-09-19; NYS 2022 aerial imagery","C:\Users\samie\Projects\datacuse\DataCuse\content\3_longest_street\story\index.md","","","DC002"
"DC004","Streets, names, and the small absurdities of geography","Which street changes names the most without making you turn?","Ready","","Revised draft distinguishes whole-path straightness from continuity. Among 218 defined windows, max 2 changes with <=10 m chord departure and <=1% extra distance, 50 m lead-in/out. Monticello South-North-Springbrook: 686.8 m, 0.20% extra, 7.1 m departure; names agree with city map. Tennyson-Burnet Park-Tennyson ties in NYS but city map calls the insert Tennyson. Original 4-change chains curve substantially. 642 geometry windows independently validated; 12 aerial transitions checked; three new graphics. Bounded chain/window search, not a universal record. Unpublished.","NYS Streets and NYS city boundaries, saved 2026-09-19 snapshot; NYS 2022 aerial imagery; analysis/methodology.md","C:\Users\samie\Projects\datacuse\DataCuse\content\4_name_changes\story\index.md","","",""
"DC005","Streets, names, and the small absurdities of geography","Where is Syracuse’s geographic center?","Idea","","","","","","",""
"DC006","Streets, names, and the small absurdities of geography","Where is its population center?","Idea","","","","","","",""
DC007,"Streets, names, and the small absurdities of geography",What location do residents think is the center?,Idea,,Build a companion web app for this post: use the visitor location to show the direction to face the defined center of Syracuse and straight-line distance in miles. Include a compass where supported and a bearing/map fallback. See datacuse-data-guide.md#dc007-companion-app.,,,,,
"DC008","Streets, names, and the small absurdities of geography","Which intersection has the most streets meeting at it?","Idea","","","","","","",""
"DC009","Streets, names, and the small absurdities of geography","What is Syracuse’s sharpest street corner?","Idea","","","","","","",""
"DC010","Streets, names, and the small absurdities of geography","Which street comes closest to making a complete circle?","Idea","","","","","","",""
"DC011","Streets, names, and the small absurdities of geography","How many streets are named after trees?","Idea","","","","","","",""
"DC012","Streets, names, and the small absurdities of geography","Which presidents have streets—and which got skipped?","Idea","","","","","","",""
"DC013","Streets, names, and the small absurdities of geography","Which numbered streets are missing from the sequence?","Idea","","","","","","",""
"DC014","Streets, names, and the small absurdities of geography","How many street names are also people’s first names?","Idea","","","","","","",""
"DC015","Streets, names, and the small absurdities of geography","What is the most common street-name ending: Street, Avenue, or something else?","Idea","","","","","","",""
"DC016","Streets, names, and the small absurdities of geography","Which street has the longest name?","Idea","","","","","","",""
"DC017","Streets, names, and the small absurdities of geography","Which street has the shortest name?","Published","","Answered in the shortest-street article; live article verified on 2026-09-19. Fay Road and Lea Lane tie at seven letters including the spelled-out suffix; spaces and punctuation excluded.","","C:\Users\samie\Projects\datacuse\DataCuse\content\2_shortest_street\story\index.md","https://www.datacuse.com/stories/syracuse-shortest-street/","2026-09-19","DC002"
"DC018","Streets, names, and the small absurdities of geography","What is the longest perfectly straight stretch of street?","Idea","","","","","","",""
"DC019","Streets, names, and the small absurdities of geography","Which street wanders farthest from a straight line?","Idea","","","","","","",""
"DC020","Streets, names, and the small absurdities of geography","Where do two almost-identical street names threaten to confuse visitors?","Idea","","","","","","",""
"DC021","Streets, names, and the small absurdities of geography","Which named street consists of disconnected pieces?","Idea","","","","","","",""
"DC022","Streets, names, and the small absurdities of geography","How many dead ends does Syracuse have?","Idea","","","","","","",""
"DC023","Streets, names, and the small absurdities of geography","Which dead end almost connects to another street?","Idea","","","","","","",""
"DC024","Streets, names, and the small absurdities of geography","Where does an ordinary street abruptly become a staircase or path?","Idea","","","","","","",""
"DC025","Streets, names, and the small absurdities of geography","Which intersection has the biggest mismatch between its streets’ sizes?","Idea","","","","","","",""
"DC026","Streets, names, and the small absurdities of geography","How many city streets cross the municipal boundary?","Idea","","","","","","",""
"DC027","Streets, names, and the small absurdities of geography","Where can you leave Syracuse and reenter without turning?","Idea","","","","","","",""
"DC028","Streets, names, and the small absurdities of geography","Which street follows the city boundary the longest?","Idea","","","","","","",""
"DC029","Streets, names, and the small absurdities of geography","Are directional street names actually pointing in their advertised directions?","Idea","","","","","","",""
"DC030","Streets, names, and the small absurdities of geography","Which Syracuse street name deserves an origin story?","Idea","","","","","","",""
"DC031","Trees, plants, and urban wildlife","What is the most common public-tree species in Syracuse?","Idea","","","","","","",""
"DC032","Trees, plants, and urban wildlife","Where is the rarest species in the tree inventory?","Idea","","","","","","",""
"DC033","Trees, plants, and urban wildlife","Which public tree has no nearby relatives of its species?","Idea","","","","","","",""
"DC034","Trees, plants, and urban wildlife","Which block has the greatest variety of street trees?","Idea","","","","","","",""
"DC035","Trees, plants, and urban wildlife","Which block is almost entirely one tree species?","Idea","","","","","","",""
"DC036","Trees, plants, and urban wildlife","Where are the largest recorded street-tree trunks?","Idea","","","","","","",""
"DC037","Trees, plants, and urban wildlife","How much of the public-tree inventory has no identified species?","Idea","","","","","","",""
"DC038","Trees, plants, and urban wildlife","Where are there planting sites but no trees?","Idea","","","","","","",""
DC039,"Trees, plants, and urban wildlife",Which streets have the most trees with a recorded recent planting year?,Idea,,,,,,,
DC040,"Trees, plants, and urban wildlife",Where are stumps concentrated in the tree inventory?,Idea,,,,,,,
"DC041","Trees, plants, and urban wildlife","Do tree-named streets have more trees than other streets?","Idea","","","","","","",""
"DC042","Trees, plants, and urban wildlife","How green is Green Street?","Idea","","","","","","",""
DC043,"Trees, plants, and urban wildlife",Which mapped Census tracts have the most recorded tree canopy?,Idea,,,,,,,
DC044,"Trees, plants, and urban wildlife",How different is tree cover on opposite sides of one Syracuse street?,Idea,,,,,,,
"DC045","Trees, plants, and urban wildlife","Which bus stops have natural shade?","Idea","","","","","","",""
"DC046","Trees, plants, and urban wildlife","Which playgrounds have shade around their equipment?","Idea","","","","","","",""
"DC047","Trees, plants, and urban wildlife","How much shade surrounds Syracuse school buildings?","Idea","","","","","","",""
"DC048","Trees, plants, and urban wildlife","Which parking lots have the most tree cover?","Idea","","","","","","",""
"DC049","Trees, plants, and urban wildlife","Can you walk a mile while staying mostly under trees?","Idea","","","","","","",""
DC050,"Trees, plants, and urban wildlife",Where are inventoried evergreen trees concentrated?,Idea,,,,,,,
"DC051","Trees, plants, and urban wildlife","Where might fall color last longest, based on tree species?","Idea","","","","","","",""
"DC052","Trees, plants, and urban wildlife","How many public trees produce edible fruit or nuts?","Idea","","","","","","",""
"DC053","Trees, plants, and urban wildlife","Which street trees are native to this region?","Idea","","","","","","",""
"DC054","Trees, plants, and urban wildlife","What would Syracuse lose if its most common tree species disappeared?","Idea","","","","","","",""
"DC055","Trees, plants, and urban wildlife","Where do large trees survive on surprisingly small parcels?","Idea","","","","","","",""
DC056,"Trees, plants, and urban wildlife",Can we match a tree in one dated Syracuse photograph to the same location today?,Idea,,,,,,,
"DC057","Trees, plants, and urban wildlife","Where are bird sightings reported most often—and where do observers go?","Idea","","","","","","",""
DC058,"Trees, plants, and urban wildlife",Which birds have the shortest seasonal reporting windows in Onondaga County eBird checklists?,Idea,,,,,,,
DC059,"Trees, plants, and urban wildlife",When does spring reporting of a chosen migrant bird increase each year?,Idea,,,,,,,
"DC060","Trees, plants, and urban wildlife","Where has pavement quietly become a garden?","Idea","","","","","","",""
"DC061","Snow, weather, and Syracuse’s seasonal personality","Was last winter actually unusual?","Idea","","","","","","",""
"DC062","Snow, weather, and Syracuse’s seasonal personality","What did a “normal winter” mean when you were ten?","Idea","","","","","","",""
"DC063","Snow, weather, and Syracuse’s seasonal personality","How often does Syracuse have a white Christmas?","Idea","","","","","","",""
"DC064","Snow, weather, and Syracuse’s seasonal personality","How often does Halloween come with measurable snow?","Idea","","","","","","",""
"DC065","Snow, weather, and Syracuse’s seasonal personality","What is the latest recorded spring snowfall?","Idea","","","","","","",""
"DC066","Snow, weather, and Syracuse’s seasonal personality","What is the earliest recorded autumn snowfall?","Idea","","","","","","",""
"DC067","Snow, weather, and Syracuse’s seasonal personality","What is Syracuse’s longest stretch of consecutive snowy days?","Idea","","","","","","",""
"DC068","Snow, weather, and Syracuse’s seasonal personality","How much annual snowfall comes from the five biggest days?","Idea","","","","","","",""
"DC069","Snow, weather, and Syracuse’s seasonal personality","Which month delivers the most snow surprises?","Idea","","","","","","",""
"DC070","Snow, weather, and Syracuse’s seasonal personality","How often does a warm day immediately precede heavy snow?","Idea","","","","","","",""
"DC071","Snow, weather, and Syracuse’s seasonal personality","What is the biggest temperature swing within one day?","Idea","","","","","","",""
"DC072","Snow, weather, and Syracuse’s seasonal personality","What is the biggest temperature swing between consecutive days?","Idea","","","","","","",""
"DC073","Snow, weather, and Syracuse’s seasonal personality","How many false springs does Syracuse get in a typical year?","Idea","","","","","","",""
"DC074","Snow, weather, and Syracuse’s seasonal personality","When does the final freeze usually arrive?","Idea","","","","","","",""
"DC075","Snow, weather, and Syracuse’s seasonal personality","How much does the first freeze date vary?","Idea","","","","","","",""
"DC076","Snow, weather, and Syracuse’s seasonal personality","What is the longest stretch without measurable precipitation?","Idea","","","","","","",""
"DC077","Snow, weather, and Syracuse’s seasonal personality","Does it rain more often on weekends—or do we remember it better?","Idea","","","","","","",""
"DC078","Snow, weather, and Syracuse’s seasonal personality","Which calendar date has historically offered the best picnic odds?","Idea","","","","","","",""
"DC079","Snow, weather, and Syracuse’s seasonal personality","How often does the first day of summer feel like summer?","Idea","","","","","","",""
"DC080","Snow, weather, and Syracuse’s seasonal personality","How many days actually require a winter coat under a stated threshold?","Idea","","","","","","",""
"DC081","Snow, weather, and Syracuse’s seasonal personality","How often does snow survive a midwinter thaw?","Idea","","","","","","",""
"DC082","Snow, weather, and Syracuse’s seasonal personality","Which winters produced lots of snow but relatively few snowy days?","Idea","","","","","","",""
"DC083","Snow, weather, and Syracuse’s seasonal personality","Which winters produced frequent snow without big totals?","Idea","","","","","","",""
"DC084","Snow, weather, and Syracuse’s seasonal personality","Does snowfall at the airport represent the whole city?","Idea","","","","","","",""
"DC085","Snow, weather, and Syracuse’s seasonal personality","How different can snowfall be across nearby weather stations?","Idea","","","","","","",""
"DC086","Snow, weather, and Syracuse’s seasonal personality","When do snow-related service requests begin each season?","Idea","","","","","","",""
"DC087","Snow, weather, and Syracuse’s seasonal personality","How long after snowfall do snow-related requests peak?","Idea","","","","","","",""
"DC088","Snow, weather, and Syracuse’s seasonal personality","What do residents call snow problems when there is no matching request category?","Idea","","","","","","",""
DC089,"Snow, weather, and Syracuse’s seasonal personality",What share of snow-related Cityline requests arrives overnight?,Idea,,,,,,,
"DC090","Snow, weather, and Syracuse’s seasonal personality","What does one snowstorm look like in six maps?","Idea","","","","","","",""
"DC091","Buildings, parcels, and peculiar pieces of land","What is Syracuse’s smallest parcel?","Idea","","","","","","",""
DC092,"Buildings, parcels, and peculiar pieces of land",Which mapped Syracuse parcels are the narrowest?,Idea,,,,,,,
"DC093","Buildings, parcels, and peculiar pieces of land","Which parcel has the strangest shape?","Idea","","","","","","",""
"DC094","Buildings, parcels, and peculiar pieces of land","Why does this tiny triangle have its own parcel number?","Idea","","","","","","",""
"DC095","Buildings, parcels, and peculiar pieces of land","Which city block contains the most separate parcels?","Idea","","","","","","",""
"DC096","Buildings, parcels, and peculiar pieces of land","Which block is almost entirely one parcel?","Idea","","","","","","",""
"DC097","Buildings, parcels, and peculiar pieces of land","Where are the deepest, narrowest residential lots?","Idea","","","","","","",""
"DC098","Buildings, parcels, and peculiar pieces of land","Which lots have frontage on three different streets?","Idea","","","","","","",""
"DC099","Buildings, parcels, and peculiar pieces of land","Where does a property line run through an unexpected place?","Idea","","","","","","",""
"DC100","Buildings, parcels, and peculiar pieces of land","Which parcels preserve the outline of a vanished street?","Idea","","","","","","",""
"DC101","Buildings, parcels, and peculiar pieces of land","What is the oldest recorded building on each neighborhood’s map?","Idea","","","","","","",""
"DC102","Buildings, parcels, and peculiar pieces of land","Which block has the tightest cluster of similar building ages?","Idea","","","","","","",""
"DC103","Buildings, parcels, and peculiar pieces of land","Where do neighboring buildings differ most in recorded age?","Idea","","","","","","",""
"DC104","Buildings, parcels, and peculiar pieces of land","How many buildings are older than Syracuse’s incorporation?","Idea","","","","","","",""
"DC105","Buildings, parcels, and peculiar pieces of land","Which decade left the most surviving buildings?","Idea","","","","","","",""
DC106,"Buildings, parcels, and peculiar pieces of land",Which decades are least represented in the current property age records?,Idea,,,,,,,
"DC107","Buildings, parcels, and peculiar pieces of land","How many buildings have suspiciously round construction dates?","Idea","","","","","","",""
"DC108","Buildings, parcels, and peculiar pieces of land","What does “built in 1900” really mean in property records?","Idea","","","","","","",""
"DC109","Buildings, parcels, and peculiar pieces of land","Where are the smallest residential building footprints?","Idea","","","","","","",""
"DC110","Buildings, parcels, and peculiar pieces of land","Where are the largest buildings hiding in plain sight?","Idea","","","","","","",""
"DC111","Buildings, parcels, and peculiar pieces of land","Which building occupies the greatest share of its parcel?","Idea","","","","","","",""
"DC112","Buildings, parcels, and peculiar pieces of land","Which large parcel contains a surprisingly small building?","Idea","","","","","","",""
"DC113","Buildings, parcels, and peculiar pieces of land","How much land is occupied by detached garages?","Idea","","","","","","",""
"DC114","Buildings, parcels, and peculiar pieces of land","Which blocks have the most alley-facing buildings?","Idea","","","","","","",""
"DC115","Buildings, parcels, and peculiar pieces of land","Where do houses sit unusually close to the sidewalk?","Idea","","","","","","",""
"DC116","Buildings, parcels, and peculiar pieces of land","Where do building setbacks abruptly change?","Idea","","","","","","",""
"DC117","Buildings, parcels, and peculiar pieces of land","How many corner buildings have entrances facing the corner?","Idea","","","","","","",""
"DC118","Buildings, parcels, and peculiar pieces of land","Which former industrial buildings have found new uses?","Idea","","","","","","",""
"DC119","Buildings, parcels, and peculiar pieces of land","Can you identify a former store from its building shape?","Idea","","","","","","",""
"DC120","Buildings, parcels, and peculiar pieces of land","What can one block’s parcel map tell us about its history?","Idea","","","","","","",""
"DC121","Getting around, sometimes the long way","Where can two nearby places require a surprisingly long walk?","Idea","","","","","","",""
"DC122","Getting around, sometimes the long way","Which highway crossing creates the biggest pedestrian detour?","Idea","","","","","","",""
"DC123","Getting around, sometimes the long way","Where does a missing sidewalk interrupt an otherwise complete route?","Idea","","","","","","",""
"DC124","Getting around, sometimes the long way","Which intersection requires the most crossings to reach the opposite corner?","Idea","","","","","","",""
"DC125","Getting around, sometimes the long way","Where are the longest marked pedestrian crossings?","Idea","","","","","","",""
"DC126","Getting around, sometimes the long way","Which streets have sidewalks on only one side?","Idea","","","","","","",""
"DC127","Getting around, sometimes the long way","How many cul-de-sacs have pedestrian exits?","Idea","","","","","","",""
"DC128","Getting around, sometimes the long way","Which pedestrian shortcut saves the most distance?","Idea","","","","","","",""
"DC129","Getting around, sometimes the long way","Where does a fence turn a short trip into a long one?","Idea","","","","","","",""
"DC130","Getting around, sometimes the long way","Which bridge serves the most potential walking routes?","Idea","","","","","","",""
"DC131","Getting around, sometimes the long way","What is the steepest street segment?","Idea","","","","","","",""
"DC132","Getting around, sometimes the long way","What is the flattest mile-long walking loop?","Idea","","","","","","",""
"DC133","Getting around, sometimes the long way","What is the hilliest mile-long walking loop?","Idea","","","","","","",""
"DC134","Getting around, sometimes the long way","How much elevation do you gain walking across Syracuse?","Idea","","","","","","",""
"DC135","Getting around, sometimes the long way","How far can you walk without crossing a major road?","Idea","","","","","","",""
"DC136","Getting around, sometimes the long way","Which neighborhood has the smallest blocks?","Idea","","","","","","",""
"DC137","Getting around, sometimes the long way","Which has the largest blocks?","Idea","","","","","","",""
"DC138","Getting around, sometimes the long way","Where does the street grid rotate—and why?","Idea","","","","","","",""
"DC139","Getting around, sometimes the long way","How many different grid orientations does Syracuse contain?","Idea","","","","","","",""
"DC140","Getting around, sometimes the long way","Which bus stops are closest together?","Idea","","","","","","",""
"DC141","Getting around, sometimes the long way","Which consecutive bus stops are farthest apart?","Idea","","","","","","",""
"DC142","Getting around, sometimes the long way","Which bus stop serves the most scheduled routes?","Idea","","","","","","",""
"DC143","Getting around, sometimes the long way","Where do scheduled buses arrive in bunches, followed by long gaps?","Idea","","","","","","",""
"DC144","Getting around, sometimes the long way","How different is Sunday transit service from Tuesday service?","Idea","","","","","","",""
"DC145","Getting around, sometimes the long way","Which trips become hardest after the evening rush?","Idea","","","","","","",""
"DC146","Getting around, sometimes the long way","How many residents live within a short walk of frequent scheduled service?","Idea","","","","","","",""
"DC147","Getting around, sometimes the long way","Which bus shelters face the afternoon sun?","Idea","","","","","","",""
"DC148","Getting around, sometimes the long way","Where does a bike lane end at an especially inconvenient spot?","Idea","","","","","","",""
"DC149","Getting around, sometimes the long way","How much farther is the comfortable bike route than the direct route?","Idea","","","","","","",""
"DC150","Getting around, sometimes the long way","Can you cross Syracuse using only low-traffic streets and trails?","Idea","","","","","","",""
"DC151","Parks, public places, and nearby pleasures","What is Syracuse’s smallest park?","Idea","","","","","","",""
"DC152","Parks, public places, and nearby pleasures","Which park has the most boundary relative to its area?","Idea","","","","","","",""
"DC153","Parks, public places, and nearby pleasures","Which park is hardest to enter from nearby homes?","Idea","","","","","","",""
"DC154","Parks, public places, and nearby pleasures","Where is the largest gap between official park boundaries and actual entrances?","Idea","","","","","","",""
"DC155","Parks, public places, and nearby pleasures","Which residential location is farthest from a public park entrance?","Idea","","","","","","",""
"DC156","Parks, public places, and nearby pleasures","How many residents can walk to more than one park?","Idea","","","","","","",""
"DC157","Parks, public places, and nearby pleasures","Which park serves the most people within a ten-minute walk?","Idea","","","","","","",""
"DC158","Parks, public places, and nearby pleasures","Where do city boundaries complicate the nearest-park question?","Idea","","","","","","",""
"DC159","Parks, public places, and nearby pleasures","Which park has the most varied terrain?","Idea","","","","","","",""
"DC160","Parks, public places, and nearby pleasures","Which park offers the flattest walking loop?","Idea","","","","","","",""
"DC161","Parks, public places, and nearby pleasures","Where can you watch the sunset from public land?","Idea","","","","","","",""
"DC162","Parks, public places, and nearby pleasures","Which public viewpoint has the widest visible horizon?","Idea","","","","","","",""
"DC163","Parks, public places, and nearby pleasures","Where are public benches concentrated?","Idea","","","","","","",""
"DC164","Parks, public places, and nearby pleasures","What is the longest downtown walk without a public bench?","Idea","","","","","","",""
"DC165","Parks, public places, and nearby pleasures","Where are drinking fountains—and when are they available?","Idea","","","","","","",""
"DC166","Parks, public places, and nearby pleasures","How far apart are public restrooms?","Idea","","","","","","",""
"DC167","Parks, public places, and nearby pleasures","Which playground is closest to a library?","Idea","","","","","","",""
"DC168","Parks, public places, and nearby pleasures","Can you build a stroller-friendly park-and-library outing?","Idea","","","","","","",""
"DC169","Parks, public places, and nearby pleasures","Which basketball courts are closest to one another?","Idea","","","","","","",""
"DC170","Parks, public places, and nearby pleasures","How evenly are public sports facilities distributed?","Idea","","","","","","",""
DC171,"Parks, public places, and nearby pleasures",Who were three people whose names survive in Syracuse parks?,Idea,,,,,,,
"DC172","Parks, public places, and nearby pleasures","Which park names describe features that are gone?","Idea","","","","","","",""
"DC173","Parks, public places, and nearby pleasures","How much parkland existed in different historical decades?","Idea","","","","","","",""
"DC174","Parks, public places, and nearby pleasures","Which proposed park never happened?","Idea","","","","","","",""
"DC175","Parks, public places, and nearby pleasures","Where did a former park become something else?","Idea","","","","","","",""
"DC176","Parks, public places, and nearby pleasures","Which overlooked public space is smaller than a house lot?","Idea","","","","","","",""
"DC177","Parks, public places, and nearby pleasures","Where do public stairs reveal the city’s topography?","Idea","","","","","","",""
"DC178","Parks, public places, and nearby pleasures","What is the longest continuous stretch of publicly accessible waterfront?","Idea","","","","","","",""
"DC179","Parks, public places, and nearby pleasures","Where can you hear traffic from almost every corner of a park?","Idea","","","","","","",""
"DC180","Parks, public places, and nearby pleasures","What would a tour of Syracuse’s tiniest public places look like?","Idea","","","","","","",""
"DC181","Libraries and the rhythms of community life","Which library is closest to the largest number of residents?","Idea","","","","","","",""
"DC182","Libraries and the rhythms of community life","Where is the longest walk to a library within the city?","Idea","","","","","","",""
"DC183","Libraries and the rhythms of community life","How different are library service areas by walking, driving, and transit?","Idea","","","","","","",""
"DC184","Libraries and the rhythms of community life","Which library can you reach from the most other branches without transferring?","Idea","","","","","","",""
"DC185","Libraries and the rhythms of community life","How much do library opening hours overlap?","Idea","","","","","","",""
"DC186","Libraries and the rhythms of community life","Where can you visit a library latest in the evening?","Idea","","","","","","",""
"DC187","Libraries and the rhythms of community life","How does Saturday library access differ across the county?","Idea","","","","","","",""
"DC188","Libraries and the rhythms of community life","What is the shortest route connecting every city library?","Idea","","","","","","",""
"DC189","Libraries and the rhythms of community life","What is the shortest route connecting every county library?","Idea","","","","","","",""
"DC190","Libraries and the rhythms of community life","Which branches have the largest nearby child populations?","Idea","","","","","","",""
"DC191","Libraries and the rhythms of community life","Which serve the largest nearby older-adult populations?","Idea","","","","","","",""
"DC192","Libraries and the rhythms of community life","Which serve areas with the greatest variety of home languages?","Idea","","","","","","",""
"DC193","Libraries and the rhythms of community life","How does library use change through the school year?","Idea","","","","","","",""
"DC194","Libraries and the rhythms of community life","Does summer bring more visits, more borrowing, or both?","Idea","","","","","","",""
"DC195","Libraries and the rhythms of community life","What is the busiest library month?","Idea","","","","","","",""
"DC196","Libraries and the rhythms of community life","Which library-use measure has changed most over a decade?","Idea","","","","","","",""
"DC197","Libraries and the rhythms of community life","How has digital borrowing changed relative to physical borrowing?","Idea","","","","","","",""
DC198,Libraries and the rhythms of community life,How has Central Library's share of recorded visits changed?,Idea,,,,,,,
DC199,Libraries and the rhythms of community life,How does attendance per recorded program compare between Central and the branches?,Idea,,,,,,,
"DC200","Libraries and the rhythms of community life","Which program categories fill the calendar most often?","Idea","","","","","","",""
"DC201","Libraries and the rhythms of community life","How much free programming happens on an ordinary Tuesday?","Idea","","","","","","",""
"DC202","Libraries and the rhythms of community life","Can you plan an entire free Saturday from library calendars?","Idea","","","","","","",""
"DC203","Libraries and the rhythms of community life","Which library buildings were originally something else?","Idea","","","","","","",""
"DC204","Libraries and the rhythms of community life","Where were Syracuse’s former library locations?","Idea","","","","","","",""
"DC205","Libraries and the rhythms of community life","How far have branches moved over their histories?","Idea","","","","","","",""
"DC206","Libraries and the rhythms of community life","What did the library system lend besides books in different eras?","Idea","","","","","","",""
"DC207","Libraries and the rhythms of community life","Which library statistic would surprise someone who has not visited recently?","Idea","","","","","","",""
"DC208","Libraries and the rhythms of community life","Do visits and circulation rise and fall together?","Idea","","","","","","",""
"DC209","Libraries and the rhythms of community life","What does an unusually busy library month look like in context?","Idea","","","","","","",""
DC210,Libraries and the rhythms of community life,What does a year of library activity look like month by month?,Idea,,,,,,,
"DC211","Food, shops, and everyday errands","Where in Syracuse are you farthest from a Dunkin’?","Idea","","","","","","",""
"DC212","Food, shops, and everyday errands","Where are you farthest from a pizza shop?","Idea","","","","","","",""
"DC213","Food, shops, and everyday errands","Which intersection gives you the most coffee choices within a short walk?","Idea","","","","","","",""
"DC214","Food, shops, and everyday errands","How many independent coffee shops fit inside one chain’s nearest-location territory?","Idea","","","","","","",""
"DC215","Food, shops, and everyday errands","Where do restaurant names repeat the same favorite words?","Idea","","","","","","",""
"DC216","Food, shops, and everyday errands","Which streets have the greatest variety of restaurant cuisines?","Idea","","","","","","",""
"DC217","Food, shops, and everyday errands","How does the restaurant map change after 10 p.m.?","Idea","","","","","","",""
"DC218","Food, shops, and everyday errands","Where can you get breakfast earliest?","Idea","","","","","","",""
"DC219","Food, shops, and everyday errands","Which neighborhoods have the most Sunday-morning food options?","Idea","","","","","","",""
"DC220","Food, shops, and everyday errands","Where can you complete the most ordinary errands on foot?","Idea","","","","","","",""
"DC221","Food, shops, and everyday errands","Which grocery trip is short by car but awkward by bus?","Idea","","","","","","",""
"DC222","Food, shops, and everyday errands","Where do convenience stores fill gaps between supermarkets?","Idea","","","","","","",""
"DC223","Food, shops, and everyday errands","Which residential areas are farthest from a laundromat?","Idea","","","","","","",""
"DC224","Food, shops, and everyday errands","Where can you buy groceries and visit a library on one walk?","Idea","","","","","","",""
"DC225","Food, shops, and everyday errands","Which commercial block has the smallest storefronts?","Idea","","","","","","",""
"DC226","Food, shops, and everyday errands","Which storefront has hosted the most documented business types?","Idea","","","","","","",""
DC227,"Food, shops, and everyday errands",How far back can we trace restaurant use at one Syracuse address?,Idea,,,,,,,
"DC228","Food, shops, and everyday errands","Which business names preserve vanished neighborhood names?","Idea","","","","","","",""
"DC229","Food, shops, and everyday errands","Where are businesses still known by a previous tenant’s name?","Idea","","","","","","",""
"DC230","Food, shops, and everyday errands","How many former corner stores are visible in residential neighborhoods?","Idea","","","","","","",""
"DC231","Food, shops, and everyday errands","Which intersections once had stores on all four corners?","Idea","","","","","","",""
"DC232","Food, shops, and everyday errands","How has the geography of movie theaters changed?","Idea","","","","","","",""
"DC233","Food, shops, and everyday errands","Where did neighborhood bakeries used to cluster?","Idea","","","","","","",""
"DC234","Food, shops, and everyday errands","What did one dollar buy in old Syracuse grocery advertisements?","Idea","","","","","","",""
"DC235","Food, shops, and everyday errands","Which foods appear most often in historical local restaurant ads?","Idea","","","","","","",""
"DC236","Food, shops, and everyday errands","What is the strangest product advertised as a local necessity?","Idea","","","","","","",""
"DC237","Food, shops, and everyday errands","How far did an ordinary grocery trip reach before supermarkets?","Idea","","","","","","",""
"DC238","Food, shops, and everyday errands","Which former shopping destination now has an entirely different purpose?","Idea","","","","","","",""
"DC239","Food, shops, and everyday errands","Can you map a day of meals using only longstanding local businesses?","Idea","","","","","","",""
"DC240","Food, shops, and everyday errands","What does the city look like if you map only ice-cream shops?","Idea","","","","","","",""
"DC241","The city hiding underneath the city","Which current street follows an old waterway?","Idea","","","","","","",""
"DC242","The city hiding underneath the city","Where does the Erie Canal’s route remain visible in parcel boundaries?","Idea","","","","","","",""
"DC243","The city hiding underneath the city","Which modern parking lot occupies a historically surprising site?","Idea","","","","","","",""
"DC244","The city hiding underneath the city","Where did railroad tracks become ordinary-looking property lines?","Idea","","","","","","",""
"DC245","The city hiding underneath the city","Which old railroad curve still shapes a building or street?","Idea","","","","","","",""
"DC246","The city hiding underneath the city","What occupied the site of your favorite park a century ago?","Idea","","","","","","",""
"DC247","The city hiding underneath the city","Which vanished bridge still has a visible approach?","Idea","","","","","","",""
"DC248","The city hiding underneath the city","Where did a street get straightened?","Idea","","","","","","",""
"DC249","The city hiding underneath the city","Which intersection used to have a completely different shape?","Idea","","","","","","",""
"DC250","The city hiding underneath the city","Which streets were renamed, and what were they called before?","Idea","","","","","","",""
"DC251","The city hiding underneath the city","Which street names moved from one location to another?","Idea","","","","","","",""
"DC252","The city hiding underneath the city","Where did city boundaries sit in different decades?","Idea","","","","","","",""
"DC253","The city hiding underneath the city","Which annexation most changed Syracuse’s shape?","Idea","","","","","","",""
"DC254","The city hiding underneath the city","Which neighborhood names have disappeared from maps?","Idea","","","","","","",""
"DC255","The city hiding underneath the city","Which names survived after the places they described disappeared?","Idea","","","","","","",""
DC256,The city hiding underneath the city,Which selected corners had the most listed businesses in two historical city directories?,Idea,,,,,,,
"DC257","The city hiding underneath the city","Where did streetcar routes shape today’s commercial streets?","Idea","","","","","","",""
"DC258","The city hiding underneath the city","How far could you travel by streetcar in an hour?","Idea","","","","","","",""
"DC259","The city hiding underneath the city","Which former streetcar destination still draws crowds?","Idea","","","","","","",""
"DC260","The city hiding underneath the city","Where were the city’s public markets?","Idea","","","","","","",""
"DC261","The city hiding underneath the city","Which school building outlived the school it housed?","Idea","","","","","","",""
"DC262","The city hiding underneath the city","Which firehouse became something unexpected?","Idea","","","","","","",""
"DC263","The city hiding underneath the city","Where did a church become a different kind of gathering place?","Idea","","","","","","",""
"DC264","The city hiding underneath the city","Which building has changed addresses without moving?","Idea","","","","","","",""
"DC265","The city hiding underneath the city","Which building actually moved?","Idea","","","","","","",""
DC266,The city hiding underneath the city,How old is one surviving painted advertisement in Syracuse?,Idea,,,,,,,
"DC267","The city hiding underneath the city","Which historic photograph can be matched most precisely to today’s view?","Idea","","","","","","",""
"DC268","The city hiding underneath the city","Where has the skyline changed least?","Idea","","","","","","",""
"DC269","The city hiding underneath the city","Which ambitious proposed project survives only in a rendering?","Idea","","","","","","",""
"DC270","The city hiding underneath the city","What did Syracuse once confidently predict about its own future?","Idea","","","","","","",""
"DC271","City services and how daily life shows up in records","What is the most common Cityline request category?","Idea","","","","","","",""
"DC272","City services and how daily life shows up in records","Which request category has the strongest seasonal pattern?","Idea","","","","","","",""
"DC273","City services and how daily life shows up in records","What day of the week gets the most requests?","Idea","","","","","","",""
"DC274","City services and how daily life shows up in records","What time of day do people report problems?","Idea","","","","","","",""
"DC275","City services and how daily life shows up in records","How different are weekend requests from weekday requests?","Idea","","","","","","",""
"DC276","City services and how daily life shows up in records","Which request types spike after heavy rain?","Idea","","","","","","",""
"DC277","City services and how daily life shows up in records","Which request types spike after a thaw?","Idea","","","","","","",""
"DC278","City services and how daily life shows up in records","How long after a windstorm do tree-related requests peak?","Idea","","","","","","",""
"DC279","City services and how daily life shows up in records","What does the annual pothole-reporting season look like?","Idea","","","","","","",""
"DC280","City services and how daily life shows up in records","Does pothole-reporting season move around with the weather?","Idea","","","","","","",""
"DC281","City services and how daily life shows up in records","Which categories contain problems that seem to belong elsewhere?","Idea","","","","","","",""
"DC282","City services and how daily life shows up in records","How often do residents use “other,” and for what broad themes?","Idea","","","","","","",""
DC283,City services and how daily life shows up in records,When do request labels first appear or disappear in the Cityline extract?,Idea,,,,,,,
DC284,City services and how daily life shows up in records,How many Cityline reports look like possible repeats under a stated rule?,Idea,,,,,,,
"DC285","City services and how daily life shows up in records","How much does deduplication change the apparent map of problems?","Idea","","","","","","",""
"DC286","City services and how daily life shows up in records","Where do requests cluster after accounting for street length?","Idea","","","","","","",""
"DC287","City services and how daily life shows up in records","How different are request counts per resident and per street mile?","Idea","","","","","","",""
"DC288","City services and how daily life shows up in records","Which neighborhoods report a wider variety of issues?","Idea","","","","","","",""
"DC289","City services and how daily life shows up in records","What share of requests concern a handful of recurring locations?","Idea","","","","","","",""
"DC290","City services and how daily life shows up in records","How does recorded closure time vary by request type?","Idea","","","","","","",""
"DC291","City services and how daily life shows up in records","How much do a few very old requests distort average closure time?","Idea","","","","","","",""
"DC292","City services and how daily life shows up in records","What does “closed” actually mean in the service-request data?","Idea","","","","","","",""
DC293,City services and how daily life shows up in records,Which Cityline categories have the largest share without a recorded closure date?,Idea,,,,,,,
"DC294","City services and how daily life shows up in records","What does one ordinary day of city-service requests look like?","Idea","","","","","","",""
"DC295","City services and how daily life shows up in records","Which public assets generate surprisingly few reports?","Idea","","","","","","",""
"DC296","City services and how daily life shows up in records","How do reported streetlight problems change as nights get longer?","Idea","","","","","","",""
"DC297","City services and how daily life shows up in records","How much street paving happens in a typical year?","Idea","","","","","","",""
"DC298","City services and how daily life shows up in records","Where have water-main breaks recurred on the same street?","Idea","","","","","","",""
"DC299","City services and how daily life shows up in records","How does recorded water-main-break seasonality compare with temperature?","Idea","","","","","","",""
"DC300","City services and how daily life shows up in records","What city work is easy to count but hard to explain?","Idea","","","","","","",""
"DC301","Numbers that challenge local intuition","Is Syracuse closer to New York City or another major city?","Idea","","","","","","",""
"DC302","Numbers that challenge local intuition","How many people live within one mile of downtown?","Idea","","","","","","",""
"DC303","Numbers that challenge local intuition","How many live within a mile of the city boundary?","Idea","","","","","","",""
"DC304","Numbers that challenge local intuition","Which part of Syracuse is farthest from the city limits?","Idea","","","","","","",""
"DC305","Numbers that challenge local intuition","How much of the city lies within walking distance of its boundary?","Idea","","","","","","",""
"DC306","Numbers that challenge local intuition","Which neighborhood’s population center sits somewhere unexpected?","Idea","","","","","","",""
DC307,Numbers that challenge local intuition,Where are workplace jobs concentrated compared with resident workers?,Idea,,,,,,,
"DC308","Numbers that challenge local intuition","Where do household size and housing-unit density tell different stories?","Idea","","","","","","",""
"DC309","Numbers that challenge local intuition","Which areas have lots of bedrooms but relatively few children?","Idea","","","","","","",""
DC310,Numbers that challenge local intuition,Where do college enrollment and group quarters complicate neighborhood population comparisons?,Idea,,,,,,,
"DC311","Numbers that challenge local intuition","Where are the biggest differences between city and ZIP-code statistics?","Idea","","","","","","",""
"DC312","Numbers that challenge local intuition","How much does the answer change when “Syracuse” means the metro area?","Idea","","","","","","",""
"DC313","Numbers that challenge local intuition","Which Census tract changed shape enough to complicate historical comparisons?","Idea","","","","","","",""
"DC314","Numbers that challenge local intuition","What looks dramatic on a map but represents very few people?","Idea","","","","","","",""
"DC315","Numbers that challenge local intuition","Which neighborhood ranking disappears after accounting for uncertainty?","Idea","","","","","","",""
"DC316","Numbers that challenge local intuition","How much can a citywide average hide between neighborhoods?","Idea","","","","","","",""
"DC317","Numbers that challenge local intuition","Which areas have the most residents who recently moved?","Idea","","","","","","",""
"DC318","Numbers that challenge local intuition","Which have the most residents living in their birth state?","Idea","","","","","","",""
"DC319","Numbers that challenge local intuition","How has the share of households without cars changed?","Idea","","","","","","",""
DC320,Numbers that challenge local intuition,How do reported commute times differ between transit riders and drivers?,Idea,,,,,,,
"DC321","Numbers that challenge local intuition","How does working from home vary across the city?","Idea","","","","","","",""
"DC322","Numbers that challenge local intuition","Which occupations are unusually common here compared with the country?","Idea","","","","","","",""
"DC323","Numbers that challenge local intuition","How do Syracuse’s housing ages compare with those of peer cities?","Idea","","","","","","",""
"DC324","Numbers that challenge local intuition","Is Syracuse unusually compact for a city of its population?","Idea","","","","","","",""
DC325,Numbers that challenge local intuition,How many miles of mapped public streets fit inside Syracuse?,Idea,,,,,,,
"DC326","Numbers that challenge local intuition","How much of downtown is surface parking?","Idea","","","","","","",""
"DC327","Numbers that challenge local intuition","How many football fields fit inside downtown’s surface parking lots?","Idea","","","","","","",""
"DC328","Numbers that challenge local intuition","How much land would one parking space per resident occupy?","Idea","","","","","","",""
"DC329","Numbers that challenge local intuition","What would Syracuse look like if neighborhoods had equal populations?","Idea","","","","","","",""
"DC330","Numbers that challenge local intuition","What is the most misleading technically correct statistic you can make about Syracuse?","Idea","","","","","","",""
"DC331","Field trips, friendly arguments, and delightfully unnecessary investigations","Can you walk a route that spells “SYRACUSE”?","Idea","","","","","","",""
"DC332","Field trips, friendly arguments, and delightfully unnecessary investigations","What is the shortest walk that visits five neighborhoods?","Idea","","","","","","",""
"DC333","Field trips, friendly arguments, and delightfully unnecessary investigations","Can you visit every presidential street in chronological order?","Idea","","","","","","",""
"DC334","Field trips, friendly arguments, and delightfully unnecessary investigations","What is the shortest route through every tree-named street?","Idea","","","","","","",""
"DC335","Field trips, friendly arguments, and delightfully unnecessary investigations","Can you walk uphill to a place whose name suggests it is downhill?","Idea","","","","","","",""
"DC336","Field trips, friendly arguments, and delightfully unnecessary investigations","Which “view” street names still deliver a view?","Idea","","","","","","",""
"DC337","Field trips, friendly arguments, and delightfully unnecessary investigations","Which “park” street names are nowhere near a park?","Idea","","","","","","",""
"DC338","Field trips, friendly arguments, and delightfully unnecessary investigations","Which “lake” or “water” names preserve a vanished feature?","Idea","","","","","","",""
"DC339","Field trips, friendly arguments, and delightfully unnecessary investigations","Where is the best public spot to photograph the most steeples?","Idea","","","","","","",""
"DC340","Field trips, friendly arguments, and delightfully unnecessary investigations","Which public viewpoint reveals the most different construction decades?","Idea","","","","","","",""
"DC341","Field trips, friendly arguments, and delightfully unnecessary investigations","Can one photograph capture a century of building styles?","Idea","","","","","","",""
"DC342","Field trips, friendly arguments, and delightfully unnecessary investigations","What is the most colorful block, using a repeatable photo method?","Idea","","","","","","",""
"DC343","Field trips, friendly arguments, and delightfully unnecessary investigations","How many different paving materials appear on one short walk?","Idea","","","","","","",""
"DC344","Field trips, friendly arguments, and delightfully unnecessary investigations","Which block has the most different fence styles?","Idea","","","","","","",""
"DC345","Field trips, friendly arguments, and delightfully unnecessary investigations","What is the longest row of visibly different front doors?","Idea","","","","","","",""
"DC346","Field trips, friendly arguments, and delightfully unnecessary investigations","Where can you find the most dates carved into buildings?","Idea","","","","","","",""
"DC347","Field trips, friendly arguments, and delightfully unnecessary investigations","What is the oldest date visible from a public sidewalk?","Idea","","","","","","",""
"DC348","Field trips, friendly arguments, and delightfully unnecessary investigations","How many clocks can you see on a downtown walk?","Idea","","","","","","",""
"DC349","Field trips, friendly arguments, and delightfully unnecessary investigations","Do the public clocks agree about the time?","Idea","","","","","","",""
"DC350","Field trips, friendly arguments, and delightfully unnecessary investigations","Which public clock is easiest to read from far away?","Idea","","","","","","",""
"DC351","Field trips, friendly arguments, and delightfully unnecessary investigations","How many lions, eagles, and other stone animals guard Syracuse buildings?","Idea","","","","","","",""
"DC352","Field trips, friendly arguments, and delightfully unnecessary investigations","Which block contains the most architectural faces looking back at you?","Idea","","","","","","",""
"DC353","Field trips, friendly arguments, and delightfully unnecessary investigations","Where can you spot initials whose owners have been forgotten?","Idea","","","","","","",""
"DC354","Field trips, friendly arguments, and delightfully unnecessary investigations","How many historical plaques can you visit in thirty minutes?","Idea","","","","","","",""
"DC355","Field trips, friendly arguments, and delightfully unnecessary investigations","What do historical plaques leave out about the surrounding block?","Idea","","","","","","",""
"DC356","Field trips, friendly arguments, and delightfully unnecessary investigations","Which street has the strongest mismatch between its name and appearance?","Idea","","","","","","",""
"DC357","Field trips, friendly arguments, and delightfully unnecessary investigations","Can locals identify neighborhoods from street-grid shapes alone?","Idea","","","","","","",""
"DC358","Field trips, friendly arguments, and delightfully unnecessary investigations","Can locals identify a place from one tiny map fragment?","Idea","","","","","","",""
"DC359","Field trips, friendly arguments, and delightfully unnecessary investigations","Can locals guess which of two buildings is older?","Idea","","","","","","",""
"DC360","Field trips, friendly arguments, and delightfully unnecessary investigations","Which everyday trip do residents most overestimate in distance?","Idea","","","","","","",""
"DC361","Field trips, friendly arguments, and delightfully unnecessary investigations","Does “everything is twenty minutes away” survive a defined travel-time test?","Idea","","","","","","",""
"DC362","Field trips, friendly arguments, and delightfully unnecessary investigations","Where would you put a bench after walking the same route with different people?","Idea","","","","","","",""
"DC363","Field trips, friendly arguments, and delightfully unnecessary investigations","What changes when you photograph the same corner every month?","Idea","","","","","","",""
"DC364","Field trips, friendly arguments, and delightfully unnecessary investigations","What is one thing a longtime resident noticed that the maps missed?","Idea","","","","","","",""
"DC365","Field trips, friendly arguments, and delightfully unnecessary investigations","Which reader question seemed silly but led to the best discovery?","Idea","","","","","","",""
"DC366","Streets, names, and the small absurdities of geography","Which Syracuse street names rhyme?","Idea","","Find rhyming pairs and clusters using the name before its street-type suffix; distinguish exact and near rhymes, verify local pronunciations, and map how close the matches are. Shared suffixes alone do not count as rhymes.","datacuse-data-guide.md#streets","","","",""
"DC367","Streets, names, and the small absurdities of geography","Which streets are named for prominent Syracuse people, including mayors?","Idea","","Build a documented list of local namesakes, starting with mayors and expanding to other notable Syracuse residents; map their streets and compare who is commemorated. Confirm naming origins with historical records rather than treating surname matches as proof.","datacuse-data-guide.md#streets; datacuse-data-guide.md#history","","","","DC012"
"DC368","Streets, names, and the small absurdities of geography","Can Syracuse addresses make 867-5309?","Idea","","Look for actual house numbers 867 and 5309 on different properties, ideally on the same street; otherwise map the nearest pair. Also test the closest single address by a stated digit-similarity rule, and separately by numeric distance to 8675309. Potential headline: Jenny, we found your addresses. Verify city limits and actual address records; do not infer houses from street address ranges.","datacuse-data-guide.md#parcels; datacuse-data-guide.md#streets; Address-point source to locate","","","","DC369"
"DC369","Streets, names, and the small absurdities of geography","Where is Syracuse at its most 6-7?","Idea","","Rank house numbers by occurrences of consecutive 67, then separately by total digits that are 6 or 7. Find streets with the most qualifying addresses and compare their share of all addresses. Possible bonus: nearest pair of actual house numbers 6 and 7. Potential headline: Six appeal. Use house numbers only, excluding ZIP codes and unit numbers; deduplicate address records and report ties.","datacuse-data-guide.md#parcels; datacuse-data-guide.md#streets; Address-point source to locate","","","","DC368"
