name,letters,source_ids
EAST BRIGHTON AVENUE AVENUE NORTHBOUND,34,477444818
GENANT TO NORTH CLINTON CONNECTOR,29,477430853
WEST STREET ARTERIAL NORTHBOUND,28,477433877;477434023;477434950;477435095;477435235;477435371;477435599;477435880;477435979;477436173;477436772;477437214;477437498;477437677;800036938;800037089;800037119
WEST STREET ARTERIAL SOUTHBOUND,28,477433862;477433944;477434349;477436151;477436551;477437219;477437504;504325349;513530734;800037032
ONONDAGA CREEK BOULEVARD EAST,26,477444013;477444151;477444231;477444490
ELIZABETH BLACKWELL STREET,24,477437435
NORTH COLLINGWOOD AVENUE,22,477428908;477429453;477429813
ONONDAGA CREEK BOULEVARD,22,477443565;477443639;477443710;477443823;477443904;477444115;477444256;477444559;800047584;800047588
SOUTH COLLINGWOOD AVENUE,22,477430356;477430874;477431410;477431906;477432374
HIAWATHA BOULEVARD EAST,21,477427426;477427686;477427866;477428093;477428342;477428600;477428847;477429061;477429228;508421423;508421551;508421553;800036177;800036180;800036183;800036193
HIAWATHA BOULEVARD WEST,21,477430595;477430653;477430910;477431312;477431395;477431937;477432059;477432300;477432357;477432460;477432730;477432795;477433117;477433164;508421413;508421427;508421430;508421432;508421434;508421437;508421439;508421440;508421444;508421447;508421453;508421456;508421459;508421465;508421466;508421469;508421474;508421475;508421477;600058795;600058796;800036176;800036186;800036192;800037599;800037602;800037604;800047000
ONONDAGA PARK DRIVE EAST,21,477441625;477441801
VILLAGE DRIVE EXTENSION,21,477429429
WEST KIRKPATRICK STREET,21,477431325;477432432;506021510;506021511;507665328;513531395;513531396;800030682;800032563
CEDAR RIDGE APARTMENTS,20,477434160;477434325
EAST WASHINGTON STREET,20,477435354;477435361;477435377;477435382;477435405;477435413;477435415;477435421;477435432;477435453;477435457;477435472;477435473;477435512;481561073;481561076;481561660;481561661;509997463;509997472
MARTIN LUTHER KING EAST,20,477440005;477440034;477440059;477440166;477440278;800034167;800034171
MARTIN LUTHER KING WEST,20,477440549;477440700;477440773;477440924;477440989;477441116;477441190
MONTICELLO DRIVE NORTH,20,477445466;477445752;477445939
MONTICELLO DRIVE SOUTH,20,477446020;477446128;482659668
WEST WASHINGTON STREET,20,477435345;477435350;477435358;477435378;477435384
CITY CROSSROADS DRIVE,19,477433915
EAST JEFFERSON STREET,19,477436205;477436210;477436212;477436217;477436223
EAST LAFAYETTE AVENUE,19,513531417
EAST OSTRANDER AVENUE,19,477443996
J STANLEY COYNE CIRCLE,19,477439574
NORTH CHELTENHAM ROAD,19,477446390
NORTH FRANKLIN STREET,19,477433238;477433341;477433468;477433513;477433583;477433605;477433815;477434143;477434370;477434865;600009015;800032523;800050918;800080350
NORTH LORRAINE AVENUE,19,477442280
NORTH TOWNSEND STREET,19,477431293;477431548;477431822;477432170;477432552;477432897;477433227;477433467;477433739;509997416;509997426;509997429;509997528;509997536;509997547;509997549;509997555;509997556;800036395
ONONDAGA LAKE PARKWAY,19,477428174;477428330;800042162
SOUTH FRANKLIN STREET,19,477435051;477435338;477435613;477435890;477436033;800066358
SOUTH TOWNSEND STREET,19,509997029;509997031;509997036;509997040;509997452;509997455;509997457;509997467;509997471;509997477;509997479;509997561;509997564;509997566;509997567;509997571;509997572;509997653;509997655;509998023;509998025;509998026;509998034;800066555
VAN RENSSELAER STREET,19,477431505;477431598;477432144;477432659;477432941;477433036;477433094;477433309;477433756;477434300;477434393;477434877;477435253;477435508;477435616;800032498;800032499;800046572;800066604
WEST JEFFERSON STREET,19,477436140;477436175;477436181;477436185;477436197;477436316;477436317;800036944;800037217
WEST LAFAYETTE AVENUE,19,477443319;477443354;477443411;477443418;477443449;477443469
WEST MARCELLUS STREET,19,477436848;477436922;477437037;800032564
WEST OSTRANDER AVENUE,19,477444010;477444032;477444060;477444064;477444069
COMMONWEALTH AVENUE,18,477429370
DARLINGTON ROAD EAST,18,477427810
EAST BRIGHTON AVENUE,18,477443135;477443173;477443213;477443514;477444075;477444462;477444685;477444872;477444951;477445147;477445155;477445423;477445620;477445745;513531404;513531408;513531413;513531414;800032735;800041393;800100343
EAST CHELTENHAM ROAD,18,477446416;477446430
EAST DIVISION STREET,18,477430127;477430243;477430493;477430725;477431422;477431449;477431547;477431627;477431672;477431738;477431788
EAST FLORENCE AVENUE,18,477445061;477445090
EAST GENESEE PARKWAY,18,477437393;477437508;477437553;477437895
EAST GIFFORD PARKWAY,18,477437975;506986299
EAST ONONDAGA STREET,18,477436216;477436543;477436860
EAST PLEASANT AVENUE,18,477443566
EAST SENECA TURNPIKE,18,477445731;477445751;477445758;477445833;477445835;477445916;477445928;477445938;477445940;477446034;477446046;477446177;800031538;800031581;800031588;800034273
EAST WARRINGTON ROAD,18,477446502;477446517
MCCHESNEY PARK DRIVE,18,477428975
MORNINGSIDE TERRACE,18,477441574
MOUNTAINVIEW AVENUE,18,477434819;477434823;477434848;477434852;477434875;477434930;477435010;477435081;477435170;800048562
NORTH CLINTON STREET,18,477431133;477431326;477431658;477431933;477432045;477432468;477433575;477433637;477433826;477434147;477434709;477434874;800041906;800042024;800042031
NORTH EDWARDS AVENUE,18,477428899;477429448;477429807
NORTH MCBRIDE STREET,18,477431450;477431713;477432029;477432402;477432704;477432744;477433009;477433251;477433519;477433828;477434221;477434482;477434539;477434690;477434816;477434922;800046408
PENNSYLVANIA AVENUE,18,477428238
PLEASANTVIEW AVENUE,18,477427834;477428204;477428587;477428957;477429100
ROCK CUT ROUNDABAOUT,18,477445217;800100346;800100347;800100348
SALISBURY PARK DRIVE,18,477435244;477435499;477435709;477435977;477436130
SCOTTHOLM BOULEVARD,18,477436835;477437189;477437236;477437239;477437240;477437591;477437602;477437689;477437720;504325251;504325253
SEVENTH NORTH STREET,18,477427399;477427605;477427696;477427785;477427921;477428044;477428240
SOUTH CLINTON STREET,18,477435058;477435344;477435618;477435895;477436184;477436871;477437128;477437527;477438171;477438237;477438663;477439448;800037252;800066614;800067162;800067173
SOUTH EDWARDS AVENUE,18,477430342;477430845;477431389;477431830;477432275
SOUTH MCBRIDE STREET,18,477434982;477435030;477435130;477435226;477435400;477435664;477436027;477437782;477438224;477438457;477438726;477438851;477439130;506986280;506986283;506986285;800037263;800066586
STATE FAIR BOULEVARD,18,477431014;477433764;477434114;510970450;510970451;800032549;800032561;800032566
WEST BRIGHTON AVENUE,18,477443122;477443145;477443180;477443202;477443233;477443301;477443305;477443321;477443325;477443328;477443340;477443357;800050951
WEST CALTHROP AVENUE,18,477443750;477443816;477443826
WEST CHELTENHAM ROAD,18,477446436
WEST DIVISION STREET,18,477432043;477432179;477432428;800049085
WEST FLORENCE AVENUE,18,477445076
WEST LYNHURST AVENUE,18,477443863
WEST ONONDAGA STREET,18,477437142;477437191;477437427;477438157;477438547;477439235;477439744;477439746;477439882;477439951;477440030;477440089;477440126;477440151;477440181;477440192;477440199;477440230;477440296;509997008;509997011;509997012;509997496;800030979;800037306;800040121;800040141;800040237;800040707;800040710;800041905;800049629
WEST PLEASANT AVENUE,18,477443650;477443702;477443728
WEST SENECA TURNPIKE,18,477445582;477445602;477445645;477445667;477445720;477445727;477445750;477445786;477445793;477445803;477445815;477445842;477445888;477445898;800039760;800039761;800050903
WEST WARRINGTON ROAD,18,477446504;477446508
WESTMORELAND AVENUE,18,477435110;477435796;477436127;477436676;477437737;477437924;477439248;477439906;477440514;477440767;477440803;477441057;477441414;477441905;477442190;477442480;477442819;477443079;800037808;800037816;800049082;800052794
CHINOOK DRIVE SOUTH,17,477443671
CONSERVATION PLACE,17,477436800;800066140;800066152;800066191;800066216;800066237
EAST BISSELL STREET,17,477442511
EAST CATHROP AVENUE,17,509994527;509994530;509994531;509994538;509994542;509994543;509994544;509994546;509994550
EAST CHAFFEE AVENUE,17,477446184;477446191;477446201;477446208
EAST CORNING AVENUE,17,477443373
EAST FAYETTE STREET,17,477435628;477435634;477435642;477435646;477435674;477435676;477435678;477435684;477435686;477435693;477435696;477435698;477435702;477435711;477435720;477435725;477435734;477435735;477435740;477435750;477435754;477435757;477435767;477435780;477435782;477435797;477435801;477435805;477435808;509997458;509997461;800037804;800037806;800037810;800037819;800037824
EAST GENESEE STREET,17,477436026;477436059;477436083;477436091;477436108;477436115;477436180;477436206;477436224;477436232;477436236;477436239;477436244;477436252;477436253;477436258;477436268;477436276;477436281;477436283;477436368;477436455;477436482;477436578;477436580;477436585;477436624;477436677;477436705;477436744;477436775;477437186;477437301;477437320;477437348;477437354;477437414;477437421;477437450;477437494;477437537;477437568;477437619;477437638;477437914;477437964;477437973;477437976;477438007;477438219;477438604;477438948;477438989;477439137;477439393;477439472;477741202;477741204;481561655;481561664;508421384;508421385;508421392;508421394;508421664;508421667;509997447;509997448;509997450;800034350;800040259;800048330;800053487;800066374
EAST KENNEDY STREET,17,477440847;477440888;477440946;477441092
ERIE BOULEVARD EAST,17,477433098;477433119;477433134;477433192;477433221;477433274;477433333;477433342;477433383;477433394;477433496;477433566;477433571;477433595;477433621;477433664;477433759;477433881;477433977;477434314;477434419;477434431;477434678;477434833;477434835;477434887;477434891;477434917;477434919;477434923;477434927;477434932;477434942;477434943;477434952;477434970;477434973;477434977;477434981;477434983;477434985;477434995;477434996;477435000;477435004;477435015;477435025;477435035;477435037;477435106;477435191;477435210;477435238;477435281;477435285;477435288;477435320;477435347;477435367;477435436;477435480;477435491;477435494;477741171;477741173;481561063;481561066;509997124;509997409;800036365;800048345;800048346;800052293;800066576;800066593;800074809;800074810
ERIE BOULEVARD WEST,17,477431800;477431878;477431997;477432739;477432942;477433165;477434400;477434879;477435006;477435094;477435107;477435165;477435232;477435429;477435615;477435837;477435840;477435842;477435848;506021505;506021506;513530737;513530739;800030710;800036109
FOURTH NORTH STREET,17,477427803;477427867;477427975;477428109
KIRKPATRICK STREET,17,477428598;477428835;477429233;477429456;477429559;477429660;477429904;477430141;477430263;477430414;477430629;477430919;477431138;800071659
LEAVENWORTH AVENUE,17,477433146;477433194;477433354;477433771;477434337;477435266;477435430
LORETTO ROUNDABOUT,17,800100173;800100174;800100176;800100182;800100183
MOUNT OLYMPUS DRIVE,17,600008914;600008918;600016006;600024555
NEWBURY HOLLOW LANE,17,513531415
NORTH ALVORD STREET,17,477430254;477430415;477430676
NORTH CROUSE AVENUE,17,477433890;477434269;477434520;477434765;477435003;508421203;508421207;800039036
NORTH GEDDES STREET,17,477432396;477432596;477432639;477432863;477432966;477433019;477433105;477433139;477433302;477433722;477434250;477434341;477434838;477435219;477435836;800032500;800051096
NORTH GLENCOVE ROAD,17,477430691;477430692;600035917;600035918;600035919
NORTH LOWELL AVENUE,17,477433487;477433866;477434219;477434697;477435143;477435516;477435913
NORTH MIDLER AVENUE,17,477428885;477429436;477429799
NORTH SALINA STREET,17,477429598;477429743;477429858;477429989;477430013;477430109;477430410;477430612;477430825;477431151;477431417;477431673;477431981;477432026;477432463;477432651;477432936;477433069;477433388;477433411;477433447;477433516;477433683;477433773;477433836;477434163;477434724;477434876;508421416;508421671
NORTH WARREN STREET,17,477434716;477434886
NORTH WILBUR AVENUE,17,477435329;477435670
ONONDAGA BOULEVARD,17,477440300;600063431
SAINT MARYS TERRACE,17,477427682
SARAH LOGUEN STREET,17,506021526
SECOND NORTH STREET,17,477428456;477428614;477428757;477428863;477428989;477429103;477429234
SOUTH ALVORD STREET,17,477431219;477431426;477431500;477431620;477431719;477431732;800038595
SOUTH CARBON STREET,17,477430840;477430864;477430884
SOUTH CROUSE AVENUE,17,477435159;477435441;477435697;477436275;477436642;477436973;477437437;477437830;477438132;800066609
SOUTH GEDDES STREET,17,477436158;477436265;477436387;477436780;477436899;477437120;477437360;477437687;477437896;477438005;477438028;477438280;477438617;477438934;477438997;477439200;477439350;477439572;477439819;477439850;477440152;477440282;477440477;477440607;477440734;477440956;477441193;477441454;477441731;477442208;477442938;477443263;477443297;800051004
SOUTH GLENCOVE ROAD,17,477430814;477430830;477430835;477430839;477430861
SOUTH LOWELL AVENUE,17,477436104;477436320;477436487;477436575;800051049
SOUTH MIDLER AVENUE,17,477430321;477430829;477431378;477431773;477432192;477432356;477432426;477432481;477432536;477432645;477432788;477432908;477433102;477433141;477433160;477433176;477433552;477433721;477454008;800066481
SOUTH SALINA STREET,17,477435057;477435349;477435621;477436196;477436842;477437367;477437870;477438074;477438228;477438459;477438495;477438584;477438964;477439020;477439482;477439764;477440429;477440749;477441050;477441093;477441299;477441509;477441681;477441709;477441916;477442118;477442227;477442363;477442517;477442649;477442795;477442832;477442962;477443087;477443240;477443374;477443464;477443567;477443597;477443848;477443978;477443997;477444124;477444224;477444265;477444359;477444388;477444468;477444786;477444880;477445041;477445073;477445280;477445325;477445496;477445547;477445661;477445706;477445744;477445783;477445897;477446215;477446276;477446333;477446431;477446498;477446518;477446605;477446618;477446655;477446709;477446821;477446918;477447082;477447171;477447254;477447265;477447296;477447335;477447414;509994532;509994533;509994537;509994539;509998054;800034248;800034262;800034271;800034275;800048270;800048271;800048983;800049634;800066542
SOUTH WARREN STREET,17,477435079;477435633;477436209;477436541;477436600;477436919;477437365;477437869;481561652;481561653;800066620
SOUTH WILBUR AVENUE,17,477435685;477435866;477436096;477436307;477436490;477436706;477437038;477437453;477437732;477438215;800084862;800097681
SPRINGBROOK AVENUE,17,477445038;477445165;477445283
SUNNYSIDE PARK ROAD,17,477437347
WEST BISSELL STREET,17,477442287
WEST CORNING AVENUE,17,477443422;477443453
WEST FAYETTE STREET,17,477433113;477433262;477433729;477434289;477434454;477434890;477435301;477435602;477435606;477435607;477435614;477435619;477435622;477435688;477435775;477435809;477435865;477435914;477436023;477436046;477436164;477436298;477436306;477436349;477436496;477436501;800030719;800032551;800037290;800051050
WEST GENESEE STREET,17,477433723;477433746;477433757;477433772;477433779;477433796;477433857;477433863;477433878;477433929;477433972;477434039;477434080;477434083;477434111;477434142;477434150;477434171;477434220;477434290;477434291;477434320;477434371;477434383;477434442;477434710;477434725;477434770;477435118;477435340;477435433;506021508;508421631;508421632;800030722;800037284
WEST KENNEDY STREET,17,477441185;477441369;477441676;477441688;800032592;800032593;800032594;800032596
WESTMINSTER AVENUE,17,477439869;477440375;477440744;800052795
BERNIE BLAKE DRIVE,16,477445188
BUCKINGHAM AVENUE,16,477440506;477440618;477440624;477441160;477441723;477442299;477442360;477442382;477442506;477442889
CLAIRMONTE AVENUE,16,477440466;477440809;477441158;477441693
CLOVER RIDGE DRIVE,16,477430188;477430671;477431198;477431568
COYKENDALL AVENUE,16,477432869
CRESTVIEW TERRACE,16,477435738;800049098
CUMBERLAND AVENUE,16,477437187;477439896;477440504;477441391;477441891;477442172;477442582;477442809;477442993
DORCHESTER AVENUE,16,477429716;477429957;477430050
EAST BELDEN AVENUE,16,477433345
EAST BORDEN AVENUE,16,477441613;477441639;477441680
EAST COLVIN STREET,16,477442045;477442050;477442054;477442061;477442070;477442076;477442096;477442100;477442107;477442109;477442110;477442127;477442129;477442155;477442181;477442202;477442226;477442281;477442349;477442410;477442539;477442592;477442796;477442808;477442818;477442866;477442888;477442895;477442909;600035960;600035961;600035962;600035963;800048326
EAST LAUREL STREET,16,477432057;477432160;477432360;477432401;477432551;477432853;477432935
EAST MATSON AVENUE,16,477444123
EAST NEWELL STREET,16,477443465
EAST RAYNOR AVENUE,16,477439616;477439633;477439645;477439697;477439743;477439748;477439763
EAST TAYLOR STREET,16,477438415;477438420;477438426;477438428;477438431;477438434;477438456;477438492;477438522;477438539;477438550;477438554
EAST WILLOW STREET,16,477432672;477433028;477433250;477433466;477433675;477433888;477434007;477434024;477434037;477434103;477434117;477434130;477434151;477434172;477434174
FARMERS MARKET WAY,16,477429078;800030863;800030864;800030865
FAYETTE BOULEVARD,16,477435440;477435447;477435448;477435450;477435463;477435474;477435497;477435498;477435519;477435559
FIRST NORTH STREET,16,477428737;477428855;477428982;477429093;477429220;477429307;477429457;477429531;477429581;477429700;477429789;477429994;477430033;477430055;477430160;477453927;511383769;511383773;511383775
GENESEE PARK DRIVE,16,477435736;477436652;477436798;477436799;477436802;477436875;477436876;477437185
GREEN STREET ANNEX,16,477433145
GREEN STREET COURT,16,477432981
GREEN STREET PLACE,16,477433120
HAZELHURST AVENUE,16,477428949;477429023;477429254;477429589
HILLSBORO PARKWAY,16,477437395;477437521;477437863;477438105;477438139;477438161;477438177;477438178;477438220;477438225;477438229;477438355;477438357;477438779
HUGHES PLACE NORTH,16,477441963;477442201
HUTCHINSON AVENUE,16,477443753;477443761;477443763;477443776;477443786
JAMESVILLE AVENUE,16,477442108;477442934;477442987;477443002;477443346;477443443;477443813;477443830;477443947;477444068;477444236;477444406;477444618;477445048;800032722;800032731;800032738;800048430;800048432;800048453
LINCOLN PARK DRIVE,16,477432390;477432407;477432444
LIVINGSTON AVENUE,16,477439442;477440093
LONGMEADOW CIRCLE,16,477447068
LUDDINGTON STREET,16,477431298;477431421;477431751
MANLEY FIELD HOUSE,16,600035933;600035936;600035942;600035943;600035945;600035946
MAPLEHURST AVENUE,16,477427681;477428003
MARGUERITE AVENUE,16,477443184;477443189
MCALLISTER AVENUE,16,477442806;477442831
MEADOWBROOK DRIVE,16,477437398;477437487;477437510;477437836;477437904;477437928;477437952;477437977;477438013;477438108;477438134;477438164;477438199;477438315;477438556;477438593;477438873;477438915;477439064;477439083;477439272;477439410;477439464;477439639;477439878;477439891;477440500;477440502;477440539;477440602;477440649;477440702;477440766;477440802;477440859;477440895;477440995;477441032;477441084;477441090;477442058;477442134;477442165;477442298;477442359;477442370;477442388;504325289;504325290;504325292;800039146;800039147;800052288
MILFORD DRIVE EAST,16,477429928;477430100;477430288;800042643;800042652
MILFORD DRIVE WEST,16,477430126;477430306;800042641;800042655
MILTON AVENUE SPUR,16,800056628
MONTGOMERY STREET,16,477435084;477435373;477435641;477436211;477436327;477436596;477436944;477437377;477438551;477438572;477438933;477439509;477440007;800036247;800066547
NORTH BEECH STREET,16,477434049;477434445;477434506;477434829;477435105
NORTH STATE STREET,16,477430579;477430811;477430920;477430964;477431021;477431257;477431454;477431502;477431789;477432116;477432221;477432854;477433249;477433565;477433619;477433889;477434140;477434224;477434326;477434357;477434362;477434385;477434413;477434467;477434559;477434570;477434643;477434783;477434926;477454135;477454136;800036393;800036403;800036405
OLD LIVERPOOL ROAD,16,477428033;477428295;477428313
PAVILLION TERRACE,16,477439423
RICHARDSON AVENUE,16,477443637
SAINT LOUIS AVENUE,16,477444790;800039453;800039454
SAINT MARKS AVENUE,16,477433671;477433831;508421634
SCOTTHOLM TERRACE,16,477437349;477438767;477439065;477439084
SIXTH NORTH STREET,16,477427390;477427533;477427586;477427623;800036181
SOUTH AVERY AVENUE,16,477436787;477436979;477437274;477437484;477438886;477439047;477439143;477439435
SOUTH BEECH STREET,16,477435211;477435509;477435733;477436225;477436428;477436605;477436647;477437133;477437313;477437376;477437558;477437729;477437970;477438222;477438263;800066570
SOUTH ORCHARD ROAD,16,477436550;477437215;477437786;477438388
SOUTH STATE STREET,16,477435101;477435381;477435648;477435901;477436013;477436222;477436594;477436930;477437382;477437632;477437680;477437999;477438106;477438540;477438564;477438912;477439424;477439724;477440071;477440279;477440947;477441268;477441640;477441803;477442004;477442156;477442323;477442491;477442626;477442807;477442941;513530293;513531405;800038705;800048949;800052940;800066572
UNIVERSITY AVENUE,16,477435014;477435173;477435452;477435701;477435942;477436269;477436656;477436984;477437456;477437827;477438140;800066616
WAINWRIGHT AVENUE,16,477428190;477428580;477428938
WASHINGTON SQUARE,16,477429416;477429467;477429484;477429555;477429587;477429617
WEST BELDEN AVENUE,16,477433307;477433310;477433315;477433355;477433433;477433479;800049089
WEST BORDEN AVENUE,16,477441838;477442017;477442088
WEST COLVIN STREET,16,477442278;477442340;477442407;477442469;477442541;477442549;477442568;477442593;477442620;477442633;477442643;477442646;477442650;477442654;477442657;477442663;477442681;477442687;477442707;477442725;477442737;477442742;477442752;800050952
WEST LAUREL STREET,16,477432982
WEST MATSON AVENUE,16,477444173;477444230
WEST NEWELL STREET,16,477443522;477443529;477443568;477443630;477443636;477443649;477443652;477443660;477443662;477443684;477443687;477443699;477443704;477443709;477443743;800047585
WEST TAYLOR STREET,16,477438662;477438724;477438757;477438824;477438879;800040234;800047555
WEST WILLOW STREET,16,477434148;477434149
WINDING RIDGE ROAD,16,477443797;477443859;477443915;477443957;477443958
WINKWORTH PARKWAY,16,477441973;477442251;477442334;477442337;477442367;477442467;477442521;477442528;477442529
ABERDEEN TERRACE,15,477431276;477431642
ALEXANDER AVENUE,15,600008946
ARLINGTON AVENUE,15,477442726;477442985;477443190
BELLEVUE TERRACE,15,477440465
BENNINGTON DRIVE,15,477444348;477444358
BERKSHIRE AVENUE,15,477428445;477428473;477428482;800039828;800039829
BRADFORD PARKWAY,15,477438109;477438165;477438200;477438329;477438342;477438955;477439417;477439689;477440359;504325053;504325054;504325243
BUNGALOW TERRACE,15,477441055
BURNET PARK DRIVE,15,477436500;477436542;477436777;477436949;477437201
BUTTERNUT STREET,15,477428315;477428483;477428593;477428671;477428789;477428970;477429368;477429404;477429537;477429622;477429882;477429945;477430159;477430324;477430604;477430870;477430880;477431165;477431279;477431425;477431540;477431683;477431808;477432028;477432104;477432169;477432335;477432462;477432786;477432807;477432842;477433208;477433291;477454132;477454134;477454141;477454214;477454217;477454218;477454219;700000805;800037406;800047528
CAMBRIDGE STREET,15,477437832;800048132
CATHERINE STREET,15,477432161;477432767;477433029;477433280;477433569;477433842;477434231;477434435;477434613;477434681;477434800;477434941;508421189;508421190
CENTENNIAL DRIVE,15,477442019;477442032
CHARLOTTE STREET,15,477433998
CHURCHILL AVENUE,15,477444349;477444460;477444485;477444637;477444700
CLARENDON STREET,15,477438795;477438830;477438872;477438895;477438965;477438980;477439001;800053041
CLEVELAND AVENUE,15,477429270;477429736;477429878
COLERIDGE AVENUE,15,477436593;477437200;477437394;477437643;800051055
CUMBERLAND PLACE,15,477440650;477440703;477440965
DANFORTH TERRACE,15,477439403
DESTINY USA DRIVE,15,477428951;477429752;477429759;477429815;477430093;477454199;477454209;477454211;600024760;600024761;600055690;600055692;600055693;800037508;800037509;800037533
DICKERSON STREET,15,477436877;477436889;477436897;477436931;800032430;800032434
EAST ADAMS STREET,15,477437366;477437369;477437378;477437383;477437384;477437396;477437403;477437408;477437410;477437416;477437436;477437438;477437441;477437457;477437464;477437466;477437468;477437473;506022033;507666605;507666606;509998031;509998037;509998040
EAST BEARD AVENUE,15,477441867;477441915
EAST WATER STREET,15,477435085;477435090;477435102;477435132;477435134;477435141;477435146;477435152;477435160;477435174;477435190;477435200;477435212;477741184;477741187;481561654;481561656;509997475;509997480
ELIZABETH STREET,15,477441967;477441988;477442003
ENGLEWOOD AVENUE,15,477445379;477445433;477445489;477445540
FAIRFIELD AVENUE,15,477443643;477443655
FOREST EDGE DRIVE,15,477442577;477442677
FOREST HILL DRIVE,15,477429856;477430046;477430048;477430204;477430208;477430393;477430395;477430550;477430551;477430688;477430690;477430909;477430912;477431118;477431120;477431441;477431444
GRANDVIEW AVENUE,15,477440837
GRANVILLE STREET,15,477428515
GRIFFITHS STREET,15,477429629;477429737;477429805;477429870;477429946
HARBORSIDE DRIVE,15,477428710;477428795;477428808;477428815;477428848;477428878;477428959;600024755;600024757;600024759;600035915;600035916;600055685;600058801;600058802;800036189;800037540;800037546;800037555
HARRIETTE AVENUE,15,477442473;477442957
HASBROUCK STREET,15,477431602
HAWTHORNE STREET,15,477437049;477437067
HAZELWOOD AVENUE,15,477434312;477434389;477434417;477434429;477434461;477434706;800048394;800088611
HENDERSON STREET,15,477433304
HIGHPOINT STREET,15,800097650
HILLSDALE AVENUE,15,477430373;477430886;477431419;477432007;477432472
JOSEPHINE STREET,15,477431684
KAPPESSER STREET,15,477429804
KENSINGTON PLACE,15,477441144;477441702;477442135;477442166
LANCASTER AVENUE,15,477439128;477439368;477440053;477440241;477440634;477441172;477441552;477441743;477441796;477442371;477442389;477442896;800040265;800048511
LEXINGTON AVENUE,15,477436126;477436138;477436155;477436161;477436170;477436192;800037812
LONGMEADOW DRIVE,15,477446937;477447064;477447184;800048513
MACDOUGALL PLACE,15,477446010
MAPLEWOOD AVENUE,15,477447040;477447073;477447083
MARCELLUS STREET,15,477436105;477436249;477436360;477436435;477436526;477436650;477436779;800032553;800032569
MARLBOROUGH ROAD,15,477429249;477429578;477429863
MARQUETTE STREET,15,477432864;477432926
MCCORMICK AVENUE,15,477437045;477437058;800040236
MELBOURNE AVENUE,15,477435475;477436063
MULBERRY TERRACE,15,477439605
NORTH WEST STREET,15,477434198;477434855
NORTHCLIFFE ROAD,15,477430088;477430099;477430125;477430129;477430137;477430152;477430169;477430175;477430180;477430187;477430196;477430198;477430284;477430313;477430314;477430320;477430341;477430355;477430372;477430384;477430392;477430394;477430405;477430426
OAKLEY DRIVE EAST,15,477447170;800047570
ONONDAGA TERRACE,15,477441308
OSWEGO BOULEVARD,15,477434873
PINE GROVE STREET,15,477443946
PRINCETON AVENUE,15,477444276
REMINGTON AVENUE,15,477443849;477443856;477443861;477443948;477443971;800051964;800052987
RICHFIELD AVENUE,15,477447006;477447026
ROOSEVELT AVENUE,15,477439702;477440239;477440714;477441111
SALT SPRINGS ROAD,15,477435969;477435993;477436012;477436034;477436062;477436129;477436289;477436339;477436410;477436438;477436463;477436466;477436492;477436547;477436576;477436651;477436692;477436716;477436738;477436742;477437047;482660130;482660131;800029783;800029795;800029894;800029900;800029905;800029910;800029913;800048968
SCHNEIDER STREET,15,477431461
SHELBOURNE PLACE,15,477442581
SOUTH WEST STREET,15,477435228;477435492;477435608;477435773;477435936;477436507;477436523;477436766;477437059;477437211;477437496;477437676;477438092;504325344;800036741
SPAULDING AVENUE,15,477447183;477447187;800038791;800038793;800049637
SPRINGFIELD ROAD,15,477434717;477434737;477435439;477435496;477435921;800029833;800029834;800029849
STONERIDGE DRIVE,15,477438603
STRATFORD STREET,15,477440061;477440080;477440092;477440119;477440146
STRATHMORE DRIVE,15,477442709;477442735;477443024;477443211;477443288;504325018;504325021;800050899
SYCAMORE TERRACE,15,477437884;477437954
THURGOOD TERRACE,15,477439723
UNIVERSITY PLACE,15,477438511;477438517;511163754
VALLEY VIEW DRIVE,15,477444653;800039456;800039466
WADSWORTH STREET,15,477427031;477427193;477427208;477427297;477427387;477427483;477427577;477427889;477428023;477428105;477428196;477428289;477428436;477428474;477428640;477428714;477428810;477429156;477429285;477429391;477429462;477429734;800040450
WEBSTERS LANDING,15,477433515;508421626;508421627;700000806
WELLINGTON PLACE,15,477435997
WEST ADAMS STREET,15,477437526;477437541;477437548;477437571;477437577;800037280
WEST BEARD AVENUE,15,477442023;477442136;477442212;477442293;477442331
WEST COURT STREET,15,477430667;477430717;477430774;477431132;507665325
WEST HIGH TERRACE,15,477437761;477437948
WEST SCOTT AVENUE,15,477437961
WEST WATER STREET,15,477435059;477435061;512620138;512620141;800030713;800066375
WILKINSON STREET,15,477434839;477434878;477434897;477434924;477434938;477434957
WILLISTON AVENUE,15,477429508;477429538
WOODLAWN TERRACE,15,477429300;477429507
ACKERMAN AVENUE,14,477438896;477439388;477440062;477440661;477441184
ANDERSON AVENUE,14,477444939
ANGELOU TERRACE,14,477437679
ARMSTRONG PLACE,14,477444086
ATKINSON AVENUE,14,477441654
ATLANTIC AVENUE,14,477444452;477444472;477444476;477444505;477444524
AUDUBON PARKWAY,14,477434121;477434136;477434849;477434853;477435449;477435451;477435587;477435591;477435718;477435789;477435949;477435988;800005937;800005938;800005960;800029908;800088614;800088615
BALLANTYNE ROAD,14,477444526;477444531;477444536;477444539;477444544;477444547;477444552;477444557;477444571;477444589;477444609;477444631;477444642;477444661;477444694;509998053;800052212
BARRINGTON ROAD,14,477436736;477437139;477437746;477437898
BELLEVUE AVENUE,14,477440262;477440265;477440269;477440291;477440310;477440323;477440338;477440349;477440365;477440369;477440372;477440381;477440387;477440427;477440432;477440441;477440451;477440453;477440464;477440476;477440478;477440485;477440493;477440505;477440511;477440515;477440525;477440537;477440543;477440551;477440563;477440565;477440671;477440890;477441004;477441170;477441427;477441434;477441447;477441528;477441590
BENEDICT AVENUE,14,477442101;511163749
BRADFORD STREET,14,477445331
BROADVIEW DRIVE,14,477442243;477442468;477442619;477442767;477442858
BROOKSIDE DRIVE,14,477447365;477447397
BURLINGAME ROAD,14,477431082;477431090;477431187
CADILLAC STREET,14,477427077;477427207;477427275;477427384;477427516;477427543;477427617;477427676;477427782;477427797;477427920;477428178;477428201
CARLISLE STREET,14,477429991
CHARMOUTH DRIVE,14,477442982;477442984;477442997;477443004;477443012;477443113
CHENNAULT DRIVE,14,477439640
CLARENCE AVENUE,14,477445472;477445478;477445485;477445495
CLIFFSIDE DRIVE,14,477442801;477442920;800032728
COLDBROOK DRIVE,14,477446323;477446417;477446503;477446604;477446697;477446808;477447074
COLUMBIA AVENUE,14,477442998;477443201
COLUMBUS AVENUE,14,477435419;477435481;477435690;477435756;477436162;477436454;477437050;477437704;800066540
COMSTOCK AVENUE,14,477436397;477436664;477436996;477437467;477437844;477438155;477438510;477439503;477440147;477440560;477441095;477441206;477442632;477442856;477442943;477443331;477443432;477443812;600035949;600035950;600035952;800032794;800048138
CONGRESS AVENUE,14,477438242;477438410;477438685
COOLIDGE AVENUE,14,477440350;477440797;477441215
CORTLAND AVENUE,14,477440130;477440157;477440356;477440701;477440861;477441203;477441344;477441547;800030648;800030649;800030650;800067175
COUGHLIN AVENUE,14,477428870;477428879;477428886;477428898;477428907;477428923;477428933;477428953;477428962
CRADDOCK STREET,14,477442868;477442981;477443115;477443276;477443343;477443431
CRAWFORD AVENUE,14,477438471;477438874;477438916;477439394;477439655;477439967;477440666;477440934;477441419;800048220;800048221
CREHANGE STREET,14,477442853
CRESCENT AVENUE,14,477441513;477441545;477441556;477441557
CRESTVIEW DRIVE,14,477445848;477446013;477446109
CROSSETT STREET,14,477441694;477441699;477441706;477441710;477441714;477441716;477441730
CUMMINGS AVENUE,14,477430255
DANFORTH STREET,14,477428925;477429102;477429306;477429549;477429783;477430011;477430253;477430409;477430514;477430578;477430677
DARLINGTON ROAD,14,477427463;477427579;477427688;477427811;477427997;477428163;477428320;477428430;477428687;477429125
DELAWARE STREET,14,477438393;477438533;477438618;477439157;477439251;477439294;477439428;477439571;477439725;800034406
DRISCOLL AVENUE,14,477433907;477434019;477434046;507665426
DUPLI PARK DRIVE,14,600009003
EAST DALE STREET,14,477428882
EAST GLEN AVENUE,14,477444701;477444719;477444732;477445282;477445291;477445296;477445302;477445312;477445324;508421378;511163835;800100152;800100172;800100175;800100184;800100247
EASTVIEW AVENUE,14,477441591
EDGEWOOD AVENUE,14,477443644;477443754;477443926
ELDORADO STREET,14,477430966;477430987
ELMHURST AVENUE,14,477443037;477443040;477443043;477443046;477443049;477443058;477443063;800050953
ERICKSON STREET,14,477431284;477431355;477431682
EXCHANGE STREET,14,477429527
FAIRDALE AVENUE,14,477441823;477441830
FAIRVIEW AVENUE,14,477433985
FERNWOOD AVENUE,14,477442802
FILLMORE AVENUE,14,477444629;477444636;477444650;800034244;800034255
FLETCHER AVENUE,14,477443762;477443935
FORDLAND AVENUE,14,477428273;477428291
FOUNTAIN STREET,14,477433613
GARFIELD AVENUE,14,477441236;477441281;477441568;477441594;477441778;477441968;477442128;477442305
GEBHARDT AVENUE,14,477431628
GERTRUDE STREET,14,477433271;477433435;477433812
GIFFORD PARKWAY,14,477437524;477437544;477437935;477437963;504325135;504325136;506986297
GLENWOOD AVENUE,14,477441735;477441878;477441952;477442049;477442160;477442252;477442344;477442350;477442872;477443196;477443200;477443219;477443241;477443268;477443277;477443281;477443287;477443293;477443295;477443311;477443353;477443385;477443415;800038089;800038093;800040789;800040796
GOODRICH AVENUE,14,477443327;477443612;477443828
GRANT BOULEVARD,14,477428223;477428353;477428433;477428479;477428548;477428616;477428635;477428664;477428673;477428689;477428765;477428774;477428836;477428869;477428976;477429029;477429042;477429052;477429060;477429070;477429074;477429087;477429099;477429108;477429111;477429116;477429124;477429126;477429132;477429136;477429148;477429150;477429155;477429168;477429174;477429185;477429188;477429189;477429190;477429199;477429202;477429227;477429264;477429359;477429430;477429485;477429554;477429802;477429832;477429889;477454213;477454215;800047552;800048393;800053203;800071661;800091064
GRASSMAN AVENUE,14,477430325
GREENLAND DRIVE,14,477429186
GREENWAY AVENUE,14,477432818;477433060;477433285;477433445
GREENWOOD PLACE,14,477437652;477438059;477438295;477438601;477438831
GRUMBACH AVENUE,14,477430586;477430833;477431108
HAMILTON STREET,14,477434696;477434947;477435268;477435503;477435703;477435954
HARRINGTON ROAD,14,477437905;477438398;477438924
HARRISON STREET,14,477436882;477436885;477436888;477436920;477436928;477436937;477436939;477436943;477436945;477436970;477436974;477436985;477436990;477436995;477436997;477437001;477741240;477741242;506021525;506022018;506022021;800032456
HERKIMER STREET,14,477433540;477433673;477434167;477434318;477741262;477741268
HERRIMAN STREET,14,477439042;477439396;477439622
HERTFORD STREET,14,477441566;477441576
HIGHLAND AVENUE,14,477431634;477431842;477432129
HIGHLAND STREET,14,477429316;477429399;477429497;477429604;477429627;477430310;477430865;477431137;477431324;477431491;477431691;477431731;477431858;477432130;477432370;477432609
HIGHRIDGE DRIVE,14,477441957;477441970;477442242
HIGHRIDGE PLACE,14,477441958
HILLSBORO PLACE,14,477438037;477438038;477438101;477438148
HILLSIDE STREET,14,477427578;477427680;477427769;477427888;477427983;477428116;477428131;477428224;477428384
HILLVIEW AVENUE,14,477443116;477443120;477741333;504325490;504325496;504325498
HUNTINGTON ROAD,14,477441273;477441529
INVERNESS PLACE,14,477441040
ISABELLA STREET,14,477431150;477431256
JAMES HEATH ROAD,14,477431047
KENSINGTON ROAD,14,477440623;477440633;477440660;477440713;477440728;477440743;477440805;477440814
LAKEVIEW AVENUE,14,477434176;477434743;477435153;477435462
LANCASTER PLACE,14,477441805
LATIMER TERRACE,14,477438523
LAWRENCE STREET,14,477429821
LINWILL TERRACE,14,477429208
LORRAINE AVENUE,14,477442443;477442972
MAGNOLIA STREET,14,477436825;477437330
MARGINAL STREET,14,477441155;477441242
MARIPOSA STREET,14,477431342;477431362
MARJORIE STREET,14,477446615
MARKLAND AVENUE,14,477440794;477441224
MARSHALL STREET,14,477437829;477437834;477437839;477437845;477437856
MARYLAND AVENUE,14,477439081;477439329;477440374;800048531
MCCARTHY AVENUE,14,509997654;800032457
MCKINLEY AVENUE,14,477442490;477442516
MCLENNAN AVENUE,14,477441633;477441826;477441895
MERRIMAN AVENUE,14,477438197;477438230;477438243;477438266;477438279
MICHAELS AVENUE,14,800038682
MICHAELS CIRCLE,14,477442244
MITCHELL AVENUE,14,477444087;477444277;477444430;477444570
MONTROSE AVENUE,14,477437702;477438084;800049097
NBT BANK PARKWAY,14,477428297;477428457;477428690;477428696;800030858;800030859;800030860
NORTHWAY STREET,14,477433987;477434043;477434060;800048585
NOTTINGHAM ROAD,14,477440603;477440964;477441025;477441374;477441875;477442038;477442661;477442793
ONONDAGA AVENUE,14,477440287;477440366;477440370;477440768;477440813;477441222;477441339;477441587;477441615;477442005;477442020;477442138;477442247;477442288;477442380;477442391
PARKSIDE AVENUE,14,477442324
PARKVIEW AVENUE,14,477442006
PATTISON STREET,14,477431927;477432084;800048719
PERSHING AVENUE,14,477428817;477428821
PRIMROSE AVENUE,14,477443920;477443929
PROSPECT AVENUE,14,477432336;477432697;477433059;477433390;477433676
RANDOLPH STREET,14,477445486;477445652
RESTORATION WAY,14,600009024;800034075;800034076;800046958;800046986;800059262
RICHMOND AVENUE,14,477435162;477435184;477435196;477435220;477435254;800032518;800032526;800032528;800034082
RIDGEWAY AVENUE,14,477435476
RIDGEWOOD DRIVE,14,477429948;477430064;477430179;477430265;477430454;477430685;477431259
RIVERDALE DRIVE,14,477445857;477446017
ROBINCROFT ROAD,14,477432388
ROBINSON STREET,14,477432200;477432216;477432231;477432292;477432296;477432319;477432329;477432350;477432366;800034330
ROCKLAND AVENUE,14,477442510;477442518
ROSEWOOD STREET,14,477432015;477432092
SAINT ANNE DRIVE,14,477431825;800034448
SCHILLER AVENUE,14,477429315
SCHOENECK COURT,14,477436589
SCHUYLER STREET,14,477434990;477435142;477435302;477435542;477435785;477436037;477436304
SCOVILLE AVENUE,14,477429670;477429689;477429693;477429705;477429721;477429735
SEDGWICK STREET,14,477431724;477431840;477432338
SHERBOURNE ROAD,14,477440568;477440659;477440667;477440668
SHERBROOKE ROAD,14,477436737
SHERWOOD AVENUE,14,477432746;477433112;477433750
SHONNARD STREET,14,477437506;477437865;477437892;477437933;477437980;800048966
STAFFORD AVENUE,14,477430406;477430929;477431452;477432111;477432671
STANDART STREET,14,477439900;477439914
STERLING AVENUE,14,477440758;477440776;477440791;477440796;477440812
STRATHMORE ROAD,14,477443262
SUNHILL TERRACE,14,477441877
SUNNYCREST ROAD,14,477431282;477431283;477431295;477431297;477431308;477431315;477431335;477431351;477431368;477431377;477431388;477431409;477431418;477431429;477431440;477431443;477431451;477431463;477431466;800034487;800034491;800052844
SUNSTRUCK DRIVE,14,477431856;477432217
SWEETING STREET,14,477429477;477429496
SYRACUSE STREET,14,477435927
TECUMSEH STREET,14,477441890;477441904;477441914
TENNYSON AVENUE,14,477436103;477436499;477436978;800049033;800049038
TEX SIMONE DRIVE,14,477428571;600064039
TOMPKINS STREET,14,477435764;477435872;477435912;477436081;477436358;477436513;477436622;477436695;477436708;477436793;477436909
TWIN HILLS DRIVE,14,477442210;477442229;477442656;477442747;477442749
VAN BUREN STREET,14,477438992;477439098;477439106;477439124;477439126;477439129;477439150
WENDELL TERRACE,14,477429292;477429632;477429931;477430071;477430650;477430673
WEST BEAR STREET,14,477430363;477430416;477430461;477430780;477431337;477431504;477431756;477432159;477432473;800036487;800039715;800039718;800066360
WEST GLEN AVENUE,14,477445298;477445318
WESTCOTT STREET,14,477435766;477436156;477436579;477437036;477437660;477437881;477438096;477438262;477438367;477438430;477438693;477438774;477439312;477439727;477440264;477440729;477441128;477441689;477442011;477442027
WHITTIER AVENUE,14,477436486;477436948;477437336;477437422;477437432;477437462;477437483;800049079;800049087;800051052;800051057
WILLIAMS STREET,14,477433332;477433456
WOLCOTT TERRACE,14,477442104
WOODBINE AVENUE,14,477430385;477430895;477431430;477432075;477432540
WOODLAND AVENUE,14,477441257;477441267;477441280
WOODRUFF AVENUE,14,477429151;477429376;477429722;477429895
ACADEMY STREET,13,477446011;477446028
ALBERT TERRACE,13,477440070
AMHERST AVENUE,13,477442625;477442648
ANNETTA STREET,13,477442875
ARGYLE TERRACE,13,477441896;477442085
ASHDALE AVENUE,13,477428924;477429461;477429825
ASHWORTH PLACE,13,477435961;477435966
AVONDALE PLACE,13,477438600
BALDWIN AVENUE,13,477444037
BALLARD AVENUE,13,477441204
BARRETT STREET,13,477438267;477438567;477438976
BASSETT STREET,13,477436602;477437068;477437557;800032784
BEATTIE STREET,13,477433978;477434991;477435477;477435721;477436031;477436343;477436577;800065997
BEAUMONT PLACE,13,477436756;477436763
BEECHER STREET,13,477431479;477431690;477431718;477431794;477432014
BELLAIRE PLACE,13,477442575
BELLSHIRE LANE,13,477427845
BELMONT STREET,13,477437096
BERKELEY DRIVE,13,477440185;477440398;477440407;477440696;477440716;477441065;477441067;477441106;477441161
BRADLEY STREET,13,477439708;477439868;477439931;477440127;477440454
BRONSON STREET,13,477446612
BROOKFORD ROAD,13,477437978;477438014;477438683;477438925;477439166;477439924;477439939;504324944;504324946
BROOKLEA DRIVE,13,477446558;477446572;477446593
BROOKLEA PLACE,13,477446444;477446571
BUNKER HILL WAY,13,477442335;477442457;477442475
BURDICK AVENUE,13,477428106;477428182;477428269;477428476
CADWELL STREET,13,477438763;477439024;477439223;800048351
CATAWBA STREET,13,477431292;477431352;477431416;477431462;477431501;477431510;477431522
CENTRAL AVENUE,13,477437144
CHAFFEE AVENUE,13,477446214
CHAMPLIN DRIVE,13,477431664;477431766;477431767;477431943
CHANNING PLACE,13,477446225
CHAVEZ TERRACE,13,477438002
CHEMUNG STREET,13,477432364;477432522;477432617;477432737;477432968
CHESTER STREET,13,477440878
CLAYTON AVENUE,13,477443952
COMSTOCK PLACE,13,477436450;477436451
CONKLIN AVENUE,13,477430637;477430999
CORCORAN COURT,13,481561674
CORDOVA STREET,13,477445173
CORNELL AVENUE,13,477444429
CORTLAND PLACE,13,477445642
COSSITT STREET,13,477446302
COSTELLO COURT,13,477437003
CRAFTON AVENUE,13,477446746;477446749
CRESLINE DRIVE,13,477431316
CRIPPEN AVENUE,13,477445562;477445567
CROTON TERRACE,13,477439955
CRYSLER STREET,13,477435765
CULBERT STREET,13,477429530
DEARBORN PLACE,13,477441345
DEPALMA AVENUE,13,477439385
DILLAYE AVENUE,13,477432763;477433068
DIPPOLD AVENUE,13,477426943
DOROTHY STREET,13,477431447;477431723
DOUGALL AVENUE,13,477442271
DOUGLAS STREET,13,477431645;477431857;477431916;477432091;477432281
DURSTON AVENUE,13,477429267;477429899;477430102;477430382;477431147;800039445;800039452
EASTMAN AVENUE,13,477442910
EDGEMONT DRIVE,13,477438442;477438560;477438789
EDGEWOOD DRIVE,13,477447041;800054583
ELLIOTT STREET,13,477439847;477439859;477439870;477439897;477439932
ELMWOOD AVENUE,13,477443430;477443508
ELOISE TERRACE,13,477442144
EMERSON AVENUE,13,477431782;477432267;477432324;477432841;477433214;477433338;477433375;477433446;477434125;477434365;477434556;477434948;477435303;477435654;477436082
ENGLERT AVENUE,13,477427683;477427904
EUCLID TERRACE,13,477439103;477439112;477439303
EVALEEN AVENUE,13,477444820
FELLOWS AVENUE,13,477437758;477438624;477439269;477439614;477439670;477439920;477440531;477440860;477440896;477441076
FERNDALE DRIVE,13,477445305;477445699
FINEVIEW PLACE,13,477439510;477439557;477439595;477439646;477439915;477440174
FLORAL PARKWAY,13,477445714
GANNETT AVENUE,13,477427807
GARFIELD PLACE,13,477441777
GIFFORD STREET,13,477437210;477437213;477437218;477437226;477437249;477437298;477437322;477437359;509997020;509997023;509997025;800008530;800034971;800040247;800048389
GILBERT AVENUE,13,477429940;477430005;477430128;477430228
GILBERT STREET,13,477427555
GIMINSKI DRIVE,13,477432590
GORLAND AVENUE,13,477436760;477436859
GRANGER STREET,13,477436932;477437044;477437183;477437455
GRIFFIN STREET,13,477443992
HAFFENDEN ROAD,13,477441806;477441908
HAMPSHIRE ROAD,13,477430484;477430502
HARDING STREET,13,477427770;477428012
HARRISON PLACE,13,477437368
HARTLEY STREET,13,477429881
HARTSON STREET,13,477439395;477439429;477439446;477439478
HARWOOD AVENUE,13,477435752;477435829
HASTINGS PLACE,13,477430705;477430745;477430974
HENSBERRY ROAD,13,477441479
HERBERT STREET,13,477429939;477430095;477430275
HIAWATHA PLACE,13,477427796;800041914;800041915
HICKORY STREET,13,477432766;477433008;477433226;477433389;477433618;477433681
HIGHLAND PLACE,13,477431917
HILLCREST ROAD,13,477440380
HOEFLER STREET,13,477439315;477439447;477439662;477439947;477440200;477440512;800050999
HOLLAND STREET,13,477438684;477439009;477439202;477439570
HOMECROFT ROAD,13,477430312;477430788
HOUSTON AVENUE,13,477438297;477438958;477439264
HUBBELL AVENUE,13,477440824;477441165;477441411;477441695
HUNTLEY STREET,13,477428011;477428022;477428136
IRON PIER DRIVE,13,800032497
JACKSON STREET,13,477438193;477438195;477438223;477438232;477438234;513530487
KANDACE STREET,13,477440544
KELLOGG STREET,13,477438158;477438409;477439027;477439427
KENMORE AVENUE,13,477444061
KENWOOD AVENUE,13,477427632;477427741;477427798;477428120
KINCAID AVENUE,13,477432544
KINGSLEY PLACE,13,477432957
KIRK PARK DRIVE,13,477442621;477442854;477443038;477443302;477443419;477443474;477443558
KIRKWOOD PLACE,13,477442550
LAFAYETTE ROAD,13,477445836;477446168;477446324;477446359;477447095;477447702;800031540;800031554;800031583
LAFORTE AVENUE,13,477440972;477440984
LANDMARK PLACE,13,509997469
LEMOYNE AVENUE,13,477426942;477427011;477427267;477427381;477427521;477427554;477427604;477427869;477427991;477428108;477428237;477428352;477428613;477428854;477429082;477429275;477429415;477429742;477429969;800040445;800051976
LEWISTON DRIVE,13,477442583;477442662
LIBERTY STREET,13,477432571;477432827;477432995;477433089;477433290;477433706;477434308;477435461;477435705
LILLIAN AVENUE,13,477428954;477429481;477429667;477429845
LINCOLN AVENUE,13,477439501;477439999;477440266
LISTMAN AVENUE,13,477428686;477428695;477428704;477428713;800039830;800039831
LOCKESLEY ROAD,13,477439598;477439688
LOMBARD AVENUE,13,477435348;477435479;477435575;477435596;477435689;477435691;506021456;506021459;800066447
LYNWOOD AVENUE,13,477429770
MADISON STREET,13,477436595;477436598;477436614;477436640;477436643;477436649;477436657;477436663;477436665;477436668;477436669
MALCOLM STREET,13,477440388
MALTBIE STREET,13,477432602;477432901
MALVERNE DRIVE,13,477427465;477427651;477427984
MANILLA STREET,13,477433923
MARLETT STREET,13,477444840;477444856
MASSENA STREET,13,477438244;477438802;477439028;477439203;510577032;510577034
MAURICE AVENUE,13,477444319
MAXWELL AVENUE,13,477445203
MCCLURE AVENUE,13,477442961
MELROSE AVENUE,13,477430698;477430704;477430720;477430744;477430758;477430768;477430776;477430791;504325544;504325545;504325546;504325547
MERRILL STREET,13,477427268;477427517
MERRITT AVENUE,13,477446108;477446112
MERTENS AVENUE,13,477429266;477429280;477429291;477429299;477429319;477429345;477429362;477429375;477429390
MIDLAND AVENUE,13,477438500;477438681;477438880;477439485;477440173;477440250;477440333;477440418;477440447;477440774;477440862;477441099;477441370;477441606;477441827;477442018;477442213;477442237;477442470;477442636;477442803;477442884;477442903;477443035;477443181;477443355;477443454;477443569;477443703;477443817;477443921;477444033;477444174;477444196;477444307;477444352;477444418;477444535;477444919;477445319;477445715;477445841;800040326;800040328;800051059;800052180
MILDRED AVENUE,13,477429615;477429982;800048527
MINERVA STREET,13,477445668
MONTANA STREET,13,477439892;477439895;477439905;477439919;477439968
NIAGARA STREET,13,477436250;477436478;477437250;477437555;477437866
NICHOLS AVENUE,13,477430311;477430816;477430993;477431369;477431711;477431859;477432121;477432287
NORMANOR DRIVE,13,477446357
NORWOOD AVENUE,13,477428934;477429470;477429666
OAKLAND STREET,13,477440180
OAKWOOD AVENUE,13,477438555;477438889;477439365;477439444;477439698;477440167;477440848;477441008;477453877;477453878;800034376;800034377
ONTARIO STREET,13,477436866;477437084;477437168;477437323
ORISKANY DRIVE,13,477442652
ORLANDO AVENUE,13,477445764;477445782
OVERLOOK DRIVE,13,477441290;477441475;477441522;800034567;800052915
PACIFIC AVENUE,13,477444798;477444819;477444836;477444854;477444874
PLYMOUTH DRIVE,13,477430138;477430197;477430334;477430495;477430716;477430796;477430862;477431309;477431468;477431805
PULASKI STREET,13,477431952;477432123;477432397;800066610
RADCLIFFE ROAD,13,477437046
RADISSON COURT,13,477438363
RANDALL AVENUE,13,477443050
RAYMOND AVENUE,13,477443663
REDFIELD PLACE,13,477439127
RENWICK AVENUE,13,477438152;477438408;477439211;477439556;477439608;477439960;800036337;800036341
ROBERTS AVENUE,13,477440772;477440838;477441180;477441423;477441700;477441886;477442530
ROCKFORD DRIVE,13,477438397
ROCKWOOD PLACE,13,477442711;477442741;477442892
ROSEMONT DRIVE,13,477446611;477446614;477446622
ROWLAND STREET,13,477439621;477439626;477439643;477439661;477439683;477439709;477439860;800051005
SACKETT STREET,13,477434246;477434746;477435161
SALISBURY ROAD,13,477437561;477437585;477437608;477437642;477437684;477437723;477437725;477437743;477437749;477437759;477437785;477437825;800048969;800048974
SALT SHED DRIVE,13,800032502
SCHOECK AVENUE,13,477429519
SCHULER STREET,13,477431796
SEDGWICK DRIVE,13,477429520;477429671;477429837;477429843;477430035;477430052;477430651;477430674;477430706;477430713;477430892;477430907;477431009;477431032;477431144;477431161;477431214;477431231;477431314;477431333;504326408;504326409;504326411;504326413;504326414;504326417;504326418
SEYMOUR STREET,13,477437454;477437495;477437497;477437503;477437554;477437617;477437686;477437709;477437712;800040245;800048973
SHELDON AVENUE,13,477444703
SHERIDAN DRIVE,13,477439236
SHERIDAN PLACE,13,477432067
SHERMAN STREET,13,477442171;477442189;477442198
SHOECRAFT ROAD,13,800032501;800032503
SLAYTON AVENUE,13,477444806
SPENCER STREET,13,477431534;477431557;477431657;477431882;477432063;477432113;477432414;477432438;477432459;477432474;477432572;477432582;477432591;477432597;477432654;477432694;506022029;506022030;506022031
STANDISH DRIVE,13,477439139;477439894;477440458;477440548
STEDMAN STREET,13,477427472;477427622;477427870;800041913;800041916
STEUBEN STREET,13,477430556
STEVENS AVENUE,13,477445174;477445303
STINARD AVENUE,13,477440721;477441442;477441711;477442209;477442824;477442946;477443025;477443114;477443269
SUNNYSIDE ROAD,13,477438766;477438957
TALLMAN STREET,13,477439443;477439449;477439457;477439462;477439474;477439483;477439484;477439500;477439533;477439575;477439624;477439682;477439739;477439756;800030634;800040240;800051060;800051061;800071038
THURBER STREET,13,477443314;477443326;477443330;477443345;477443400;477443412;477443448;477443467;477443513
TOWNSEND PLACE,13,477432105
TRAFFIC CIRCLE,13,600035932;600035934;600035935
VICTORIA PLACE,13,477438095
VINCENT STREET,13,477442936;477442942;477442956;477442966;477442971;477442986;477443053;477443054;477443057;600008873
WALLACE STREET,13,509997853;509997854;509997856;800046552
WAVERLY AVENUE,13,477438133;477438141;477438144;477438146;477438156;477438160
WEBSTER AVENUE,13,477442813;477443123
WELLESLEY ROAD,13,477443005;477443220;477443532
WHITWELL DRIVE,13,477430418;477430790;477431073
WILLUMAE DRIVE,13,477427808;477427871;477428086;477428179;477428202;477428274;477428292;477428334;477428351
WINDEMERE ROAD,13,477446763;477446774
WOLCOTT AVENUE,13,477441035;477441246;477441464;477441636;477441811;477442102;477442345
WOODSIDE DRIVE,13,477439950
WYOMING STREET,13,477436106;477436383;477436752;477436833;477437227;481561671
ACADEMY GREEN,12,477446021;477446135
ACADEMY PLACE,12,477446297;477446358;477446450;477446557;477446656;477446745;477446779
ACADIA AVENUE,12,477428203
AINSLEY DRIVE,12,477444425;477444435;477444440;477444444;477444461;800031740
ALMOND STREET,12,477434994;477435140;477435414;477435683;477435700;477435951;477436076;477436168;477436302;477436430;477436548;477436631;477436881;477437241;477437407;477438362;477438821;477741193;477741247;506021523;506021524;506022036;506022038;506022043;507665688;507665689;508421387;509998059;800065746
ARDMORE PLACE,12,477427396;477427482
ARGONNE DRIVE,12,477441944
ARGYLE AVENUE,12,477428586
ARNETT AVENUE,12,477429577;477429582;477429588;477429601
ARNOLD AVENUE,12,477443604;477443822;477443927
ARSENAL DRIVE,12,477446022
ARTHUR STREET,12,477439898;477440182;477440494;477440757;477440973;477441200
AUSTIN AVENUE,12,477441951
BARKER AVENUE,12,477434436;477434937;477435172
BARNES AVENUE,12,477444346;477444384;477444516;477444654;477444791;477444935;477445541;477445644
BECKER STREET,12,477429348
BENDER STREET,12,477428319
BENHAM AVENUE,12,477437658;477438407
BERGER AVENUE,12,477444070;477444150
BERTRAM PLACE,12,477443572;477443598;477443640
BERWYN AVENUE,12,477442642
BISHOP AVENUE,12,477443059;477443341;477443450
BLAINE STREET,12,477440446
BOSTON STREET,12,477430170;477430647;477431049;477431489
BOYDEN STREET,12,477431486;477431494;477431508;477431593;477431604;477431611;477431700;477431926
BRADFORD LANE,12,477440452;800037974
BRAMPTON ROAD,12,477446696;477446717
BRIGGS STREET,12,477428175;477428195;477428314
BRISTOL PLACE,12,477437651
BRYANT AVENUE,12,477436319;477436776;477437273;800048124;800048135
BURNET AVENUE,12,477431371;477431488;477431519;477431567;477431601;477431641;477431681;477431750;477431804;477431874;477431955;477432066;477432087;477432120;477432191;477432274;477432373;477432400;477432471;477432539;477432670;477432751;477432894;477432970;477433067;477433284;477433531;477433659;477433749;477433872;477433984;477434048;477434127;477434223;477434232;477434249;477434270;477434279;477434287;477434315;477434321;509997502;509997504;800048128
BURTEN STREET,12,477443300
BUTLER STREET,12,477443442
CADWELL PLACE,12,477439233
CANDEE AVENUE,12,477435971;477436300;477436464
CANNON STREET,12,477442532;477442665;477442829;477442977;477443146;477443320;477443423;477443530;477443651;477443751;477443807;477444011
CARBON STREET,12,477429184;477429238;477429276;477429339;477429406;477429535;477429621;477429784;477429905;477429992;477430184;477430276;477430361;477430424;477430494;477430562;477430781;477430871
CARLTON DRIVE,12,477437232;477437507;477437578;477437637;504325279;504325285;504325286;504325288
CAYUGA STREET,12,477434514;477434557;477434869;477434939;477435208;477435425;477435625
CHATHAM PLACE,12,477427296
CHENEY STREET,12,477441201;477441214;477441221
CHERRY STREET,12,477435595;477435749;477436171;477436282;477437132
CHINOOK DRIVE,12,477443509;477443528;800048142
CLARKE STREET,12,477438641;477438665;477438692
CLIFTON PLACE,12,477430694;477430739;477431012
CLOVER STREET,12,477440014
COLLEGE PLACE,12,477439508;800056549
CONCORD PLACE,12,477438317;513530327;513530328;513530329;513530331;513530332;513530333;513530334
CONIFER DRIVE,12,800048251;800048252
COURT TERRACE,12,477428926
CRATON STREET,12,477432719;477432745
CRIPPEN PLACE,12,477445563
CURTIS STREET,12,477430004;477430177;477430360
DAKOTA STREET,12,477440503;477440507;477440513;477440530;477440540;800052286
DAYBREAK LANE,12,477442855
DECKER STREET,12,477434333
DEFOREST ROAD,12,477437391;477437479;477437566;477437890
DELONG AVENUE,12,477429580
DELRAY AVENUE,12,477435290;477435315
DEVINE STREET,12,477435192;477435289;506021457;800066350
DEWITT STREET,12,477429334;477429674;477429865;477430195;477430483;477430755;477431002;477431188;477431278;477431383;477431637
DIDAMA STREET,12,477436342
DORWIN AVENUE,12,477447309;477447316;477447320;477447322;477447324;800049312
DUDLEY STREET,12,477439518;477439751;477439848;477440090;477440433
EASTWOOD ROAD,12,477429657;477429831
EDGEHILL ROAD,12,477437327
EDISON STREET,12,477433110;477433138
EDMUND AVENUE,12,477443653
ELSNER STREET,12,477429874;477429885;477429894;477429897
EMPIRE AVENUE,12,477444632;477444855
ENFIELD PLACE,12,477438138;477438475
EUCLID AVENUE,12,477438891;477439011;477439185;477439247;477439262;477439268;477439283;477439286;477439290;477439301;477439302;477439311;477439328;477439367;477439387;477439412;477439414;477439416;477439441;477439465;477439475;477439491;477439502;477439529;477439599;477439656;477439893;477439899;477439911;477439913;477439928;800048349;800048350
EUREKA STREET,12,477433434;477433780
FABIUS STREET,12,477436735;477436765;477436771;477436788;477436832;477436912;477436991;477437002;477437061;477437085;477437107;800040251;800051081;800051126
FARM ACRE ROAD,12,477443360;477443379
FARMER STREET,12,477430712;477430754;477430764;477430778;477430789;477430798
FEIGEL AVENUE,12,477429194
FENTON STREET,12,477438762;800034098;800034100
FERRIS AVENUE,12,477436801;477437300
FISCOE AVENUE,12,477446668
FOREST AVENUE,12,477443034;477443095
FORMAN AVENUE,12,477435145;477435420;477435692;477435910;477435982;477436114;477436246;800066557
FRISBIE COURT,12,477437984
FURMAN STREET,12,477441098;477441218
GEORGE STREET,12,477429614;477429777
GIRARD AVENUE,12,477444610;477444837
GLASS TERRACE,12,477441567
GLENCOVE ROAD,12,477430646;477430659;477430670;477430684;477430757;477430770;477430787;477430797;477430815;477430828;477430844;477430873;477430885;477430894;477430908;477430911;477430928;477430948
GORDON AVENUE,12,477441422;477441441;477441453
GRANT TERRACE,12,800034317;800034320;800034321;800034324
GRAPE TERRACE,12,477439458
GRAVES STREET,12,477431490;477431495;477431646;477431843
GUILFORD ROAD,12,477439267;477439863
HANCOCK DRIVE,12,477441928;477441929;477441937;477441948;477441950;477442836;477442965;477443076;800041435
HARBOR STREET,12,477433213
HARDING PLACE,12,477446603;477446617
HAROLD STREET,12,477428653;477428670
HARVARD PLACE,12,477437748;477437757;477437795;477437831;477437880;477437925
HATHERLY ROAD,12,477437953;477438682;477438954
HAWLEY AVENUE,12,477433092;477433096;477433111;477433124;477433132;477433143;477433157;477433167;477433188;477433222;477433612;477433819;477433843;477433861;477433891;477433897;509997554;800084755
HAYDEN AVENUE,12,477433501;477433908;477434260
HAYES TERRACE,12,477447308;477447341
HEADSON DRIVE,12,507665678;507665679;507665682;800052310;800052314;800052324;800052327
HERBST AVENUE,12,477432049;477432070
HICKOK AVENUE,12,477430427;477430949;477431464;477432125;477432752;800048410
HIXSON AVENUE,12,477430777;477430967;477431179;477431343;477431487;477431846;477432201
HOBART AVENUE,12,477444228
HOLDEN STREET,12,477439338;477439479;477439669;800051002
HOLMES STREET,12,477443603;477443611
HOWARD STREET,12,477433528;477433813;477434248
HUDSON STREET,12,477440311;477440759;477441156;477441377;477441546
HUNTER AVENUE,12,477432642;477432850
HURLBURT ROAD,12,477437735;477437778;477438389;477439165
INTREPID LANE,12,477445671;800031668
IRVING AVENUE,12,477435996;477436235;477436443;477436639;477436969;477437433;477438462;477439079;477439602;600063811;600063812;600063813;600063814
IVY RIDGE ROAD,12,477444074
JASPER STREET,12,477431271;477431285;477431323
JENSEN AVENUE,12,800097682;800097683;800097684;800097685
JERICHO DRIVE,12,477442772
JEROME STREET,12,477440238;477440263
JUDSON STREET,12,477438058
KENWICK DRIVE,12,477427847;477428310;477428668;477429112
KILLIAN DRIVE,12,477439234;477439266
KIMBER AVENUE,12,477445594;477445605
LAKEVIEW ROAD,12,477437773;477437949
LAMBRETH LANE,12,477443193;477443371;477443476;477443777;477443909;800076699;800076700
LAMSON STREET,12,477429366;477429434;477429756
LANDON AVENUE,12,477441437;477441634;477441840;477442024
LARNED STREET,12,477438062
LENNOX AVENUE,12,477439701;477439726;513530282;513530285;513530286
LINDEN STREET,12,477437877;477438127
LOCKWOOD ROAD,12,477438788;477438810;477438875;477438922
LOOMIS AVENUE,12,477444643;477444815;477444875;477445068;477445186;800032668;800032669;800032673;800032676
LYDELL STREET,12,477438994;477439075;477439430;477439644;477440193;800051003
MAPLE TERRACE,12,477436615
MARCIA STREET,12,477427740
MARKET STREET,12,477435376;800066624
MARTIN STREET,12,477427382;477427618;477427988
MATHER STREET,12,477433158;477434128
MAYWOOD DRIVE,12,477445834
MCDONALD ROAD,12,477443342;477443392;477443455
MILBURN DRIVE,12,477445503;477445785
MILFORD COURT,12,477429971
MILNOR AVENUE,12,477436019;477436098
MILTON AVENUE,12,477431903;477432032;477432103;477432291;477432347;477432715;477433174;477433674;477433995;477434384;477434870;477434940;477435269;477435543;477435933;477436359;800056621
MINEOLA DRIVE,12,477439606
MONROE STREET,12,477437787;477437791;477437792;477437812;477437818;477437824;507666607
MOONEY AVENUE,12,477431178;477431192
MORGAN AVENUE,12,477432734
MORTON AVENUE,12,477441641
MORTON STREET,12,477433500;477433648
MURRAY AVENUE,12,477428432
MYRTLE STREET,12,477433649;477434020;477435341;477435626;477435955;477436305;477436588;477436908;800048566
NELSON STREET,12,477436849
NEUTRAL COURT,12,477430732
NORMAN AVENUE,12,477446660
NORTON AVENUE,12,477429248;477429253
OAK LEAF DRIVE,12,800098397;800098401
OAKDALE DRIVE,12,477445100
OBERST STREET,12,477431070
ONEIDA STREET,12,477438257;477438725;477439014;477439440;509996998;509996999
OSTRAM AVENUE,12,477440029
OSTROM AVENUE,12,477436667;477437000;477437470;477437855;477438159;477438516;477439002;477439476;477440120;800048670
OSWEGO STREET,12,477436436;477436688;477436962;477437108;477437299;477437618;477437934;477438198
OTISCO STREET,12,477436382;477436477;477436489;477436519;477436558;477436687;477436758;477436865;477437012;477437119;481561673;481561675
OXFORD STREET,12,477440149;477440172
PALMER AVENUE,12,477440339;477440792;477441202
PARKWAY DRIVE,12,477442404;477442438;477442453;477442478
PASTIME DRIVE,12,477429999
PETERS STREET,12,477431541
PHARIS STREET,12,477433076;477433541
PHILLIPS ROAD,12,477436294
PIERCE STREET,12,477444545
PUTNAM STREET,12,477439389;477439752;477439834;477440031
RAMSEY AVENUE,12,477437719;477438316
RIEGEL STREET,12,477433254;477433478
RIVOLI AVENUE,12,477427826;477427833;477427846
ROBINEAU ROAD,12,477441861;477442748;477443013;477443242;477443559;800050420;800050423
ROCKWOOD ROAD,12,477442618
RUSKIN AVENUE,12,477440808
RUSSELL PLACE,12,477443941
SABINE STREET,12,477438975;477439156;510577042;510577044
SCHOOL STREET,12,477433865;477433905;508421635
SEARLWYN ROAD,12,477446807;477446820
SEDGWICK ROAD,12,477429836;477429842
SEELEY AVENUE,12,477445759
SENECA STREET,12,477436527;477436759;477437083
SEWARD STREET,12,477431460;477431496;477431619;477431918;477432193
SHIRLEY DRIVE,12,477444562;477444662;477444841
SHOTWELL PARK,12,477430498;477430505;477430697;477430703;477430971;477430977;477431234;477431236;477431370;504325227;504325229;504325230;800052398
SHUART AVENUE,12,477431364;477431516;477431554;477431736;477431839;800033907
SIDMAN AVENUE,12,477432298
SIDNEY STREET,12,477430491;477430508
SLOCUM AVENUE,12,477438055;477438259;477438548;800030980
SNELL TERRACE,12,477446142
SOMERSET ROAD,12,477441352
SPRING STREET,12,477428967;477429083;477429216;477429294;477429439;477429550;477429661;477429762;477429956;477430096;477430178;477430331;477430421;477430605
STADIUM PLACE,12,477439617;477439881;477440137
STEVENS PLACE,12,477443468
STEWART COURT,12,513530326
STRONG AVENUE,12,477439291;513530284;513530287
SUMMIT AVENUE,12,477440528;477440529;477440795;477441131;477441585;477442708;477442718;477442876;477442973;477443091;477443195
SUMNER AVENUE,12,477439415;477440081
SUNRISE DRIVE,12,477446287;477446301;477446493;477446570;477446762
SUNSET AVENUE,12,477430397;477430519;477430537;477430614;477430678;477430812
SWANSEA DRIVE,12,477429014;477429091;511163850
TEMPLE STREET,12,477438379;477438680;513530914;800040282;800040284;800053095
THAYER STREET,12,477443821;477443827;477443832;477443834;477443837
THOMPSON ROAD,12,477430079;477430153;477430443;477430946;477431274;477431300;477431615;477431671;477431959;477432138;477432198;477432255;477432305;477432346;477432760;477432891;477433071;477433073;477433268;509997119;800049031;800049045;800052834;800066448
THURLOW DRIVE,12,477446511
TRINITY PLACE,12,477438294
TRUTH TERRACE,12,477439699
TURTLE STREET,12,477428085;477428254;477428268;477428396;477428615;477428862;477429092;477429293;477429534;477429760;477429869;477429988;477430232;477430396
ULSTER STREET,12,477435328;477435515;477435653;477435800;477435932;477436218;477436325;477436412;477436493;477436587
VILLAGE DRIVE,12,477429211;477429463;477429464;477429494;477429553;800047545;800047550
WALNUT AVENUE,12,477435024;477435189;477435456;477435710;477435960;477436259;477436662;477436994;477437465;477437838;477438145;800066603
WALTON STREET,12,477435885;477435893;477435896;800047626
WARHAM STREET,12,477429231;477429271;477429369
WARNER AVENUE,12,477442812;477442828;477442902;477442928
WELDON AVENUE,12,477427464;477427557
WENTE TERRACE,12,477444514;800039459;800039476
WEST END DRIVE,12,477432240
WESTMONT ROAD,12,477437814;477438209
WESTWOOD ROAD,12,477442333;477442368;477442567;477442604;477442609
WEYMOUTH ROAD,12,477446322;477446332
WILLIS AVENUE,12,477430990;477431111;477431579;477431879;477432102;477432302;477432523;477432955;477433900;477434771;477435209;477435504;477435786;477436219;477436514;477741260;477741261;504325333;504325334;504325335;800030515;800030519
WILMORE PLACE,12,477427462;800049091
WILSON STREET,12,477431243;477431365;477431605
WINDHAM DRIVE,12,477439547;477439585;477439586;477439597
WINDSOR PLACE,12,477441088
WINTHROP ROAD,12,477430481;477430506
WINTON STREET,12,477431795;477432050;477432297;477432720;477433093;477433660
WORDEN AVENUE,12,477429169
XAVIER CIRCLE,12,800032795;800032796;800032797
ALANSON ROAD,11,477441903;477442228;477442655;477442823
ALDEN STREET,11,477443401
ALLEN STREET,11,477436139;477436584;477437796;477438065;477438314;477438642;477439287;800048119
ALTON STREET,11,477442603;477442608;477442710
AMIDON DRIVE,11,477446277
ANDOVER ROAD,11,477441722;477441742;513530288
APPLE STREET,11,477434747;477434764
ARDMORE ROAD,11,477437739;477438104
AVERY AVENUE,11,477432243;477432332;477432412;477432569;477432738;477433207;477433386;477433753;477434168;477434667;477435119;477435426;477435704;477436038;477436413;477436709
AVOCA STREET,11,477436794
BAKER AVENUE,11,477441258;477441614;477441989
BASIN STREET,11,477431456;507665389
BELLE AVENUE,11,477444417
BEVERLY ROAD,11,477441715
BLOSSOM ROAD,11,477437207
BOYDEN PLACE,11,477431594
BRACE STREET,11,477428597
BRATTLE ROAD,11,477429281;477429913;477430112;477431008;477431031;477431382
BROAD STREET,11,477440951;477440980;477441024;477441042;477441056;477441063;477441075;477441083;477441089;477441110;477441127;477441143;477441159;477441168;477441171;477441183;600035974
BRONX AVENUE,11,477428952;477428956
BROWN STREET,11,509997546
BRUCE STREET,11,477434420;477435050;477435781;477436717;800065989
BURNS AVENUE,11,477430176;477430660;477431143;477431520
CALEB AVENUE,11,477430998;477431048;477431142;477431197;477431240;477431258;477431294;477431354;477431420;477431467;477431513;477431596;477431663;477431680;477431710;477431772;477431829;477431905;477432006;477432074;477432082;477432110;477432124;477432134
CANAL STREET,11,477433624;477434788;477434809;477434822;477434827;477434830;800041721;800048139
CARLTON ROAD,11,477442764;477442949;477443264
CEDAR STREET,11,477436444;800032777
CHATHAM ROAD,11,477430381
CLYDE AVENUE,11,477443112;477443230;477443310
COFFEY DRIVE,11,477435924
COLBY AVENUE,11,477429398
COMSTOCK ART,11,600035931;600063979
CONAN STREET,11,477444517;477444548
CORAL AVENUE,11,477444699;477444799
COURT STREET,11,477427325;477427423;477427499;477427576;477427650;477427671;477427729;477427743;477427835;477427903;477427954;477427987;477428058;477428119;477428191;477428239;477428333;477428350;477428361;477428475;477428596;477428662;477428688;477428764;477428806;477428988;477429219;477429438;477429620;477429876;477429998;477430108;477430379;477430536;477430572;477430619;477430642
COWIE AVENUE,11,477429036;477429039
CRAIG STREET,11,477429230;477429347;477429543;477429628;511383770
CROLY STREET,11,477435802;477436743;800040697
CROYDEN ROAD,11,477440979;477441329
CULVER DRIVE,11,477430482;477430626;477430836
DABLON COURT,11,513530324
DAISY STREET,11,477439778
DAKIN STREET,11,477435019;477435032;477435047;477435078;800048230;800048231
DAVIS STREET,11,477438619;510577017;510577043
DAWES AVENUE,11,477444805;477444807
DELHI STREET,11,477432811;477433201
DEMONG DRIVE,11,477436272;477436638;477436808;477436957;477437021;477437138;477437198;477437205;506986289;506986290;506986294;800048259;800048260
DEWEY AVENUE,11,477434040
DIANA AVENUE,11,477444096
DOLL PARKWAY,11,504325298;504325300;506986291;506986295
DUANE STREET,11,477440770;477440985;477441213
DUNDEE DRIVE,11,477442048
ELLEN STREET,11,477427631
ELLIS STREET,11,477436124;477436704
ESSEX STREET,11,477432784;477432954;477433206;477433294;477433425;477433510;477433524
ETHEL STREET,11,477441620;477441635
EVANS STREET,11,477432990;477433082;477433182;477433328;477433365;800030675;800050913
FENWAY DRIVE,11,477435755;477436693
FITCH STREET,11,477439005;477439023;477439041;477439074;477439519;477439883
FOBES AVENUE,11,477428725;477428963;477429245;477429487;477429574
FORDHAM ROAD,11,477429323;477429329;800079181
FOXBORO ROAD,11,477435397;477435443
GENANT DRIVE,11,477430447;477430686;477430775;477431277;477431400;477431558;477431835;477431898;477432846;506021495;800048380
GLAHN AVENUE,11,477442569
GRACE STREET,11,477438801;477439293
GRAND AVENUE,11,477438123;477438125;477438392;477438587;477438672;477438694;477438736;477438748;477438770;477438841;477438903;477439437;477439452;800051001
GRANT AVENUE,11,477440733;477440756;477440769;477440793;482659672
GREEN STREET,11,477432870;477432985;477433078;477433144;477433232;477433527;477433841;800031024
GROVE STREET,11,477444601
HAMPTON ROAD,11,477430286;477430719
HARFORD ROAD,11,477427078;477427175;477427397
HATCH STREET,11,477442789;477443021;477443234
HELEN STREET,11,477429346;477429694;477429875;477430206;477430492;477430765;477431034
HENRY STREET,11,477439634;477439901
HERALD PLACE,11,477433827;477433833;509997851;509997852
HILLTOP ROAD,11,477441975
HOVEY STREET,11,477440764;477440877;477440987
HUGHES PLACE,11,477442504
HURON STREET,11,477440765
JACLYN DRIVE,11,477447270
JAMES STREET,11,477429723;477429732;477429746;477429748;477429755;477429757;477429768;477429769;477429779;477429790;477429793;477429798;477429806;477429812;477429824;477429826;477429833;477429844;477429854;477429861;477429867;477429872;477429880;477429888;477429900;477429981;477430017;477430091;477430105;477430217;477430231;477430368;477430516;477430606;477430718;477430899;477431015;477431146;477431265;477431313;477431332;477431515;477431636;477432012;477432608;477432851;477433279;477433518;477433738;477434139;477434235;477434251;477434271;477434379;477434405;477434465;477434496;477434546;477434715;477434729;800031006;800038744;800047551;800047558
JASPER PLACE,11,477431334
JULIAN PLACE,11,477442797;477443039;800049449
JUNEWAY ROAD,11,477441974;477442063
KINNE STREET,11,477431845;477431855;477431866
KLINE STREET,11,477429912;477429930
KNAUL STREET,11,477430291;477430309;477430326
KRAMER DRIVE,11,477445847;477445858;477445887
LATTER DRIVE,11,477446409;477446497;477446592;477446690;477446732;477446800
LEPAGE PLACE,11,477429433
LEWIS STREET,11,477432956;477433075;477433173;477433402
LILAC STREET,11,477430852;477431114
LOEHR AVENUE,11,477439954
LYNCH AVENUE,11,477443925;477443934;477443940;477443951;477443961;477443966
LYNCH STREET,11,477434698;477434954
MAINS AVENUE,11,477445056;477445101;477445179;477445204;477445294;477445332;477445374;477445434;800041305;800046288;800050422
MAPLE STREET,11,477435739;477436207;477436646;800032785
MATTY AVENUE,11,477434407;477434896
MAYAR STREET,11,477429137
MEDORA PLACE,11,477443972;800047586;800047587
MERRELL ROAD,11,477441394;477441435
MILES AVENUE,11,477440223;477440541;477440685;477440997;477441033
MOORE AVENUE,11,477442245;477442645;477442768;800032706;800032723
MOREY AVENUE,11,477444698
MOSLEY DRIVE,11,477430285;477430771;477430968;477431336;477431597;477431942
MUNSON DRIVE,11,477446157
NIVEN STREET,11,477435970;477436030
NORTH AVENUE,11,477429037;477429602;477429873;800048576;800048578
NURSERY LANE,11,477442837;477442933;800053055;800053056
OLIVE STREET,11,477432785
ORANGE ALLEY,11,477435911
ORWOOD PLACE,11,477427687
PARRISH LANE,11,477447245;477447259;477447264;800047571
PEARL STREET,11,477433282;477433346;477433535;477433682;477434008
PHELPS PLACE,11,477446143
REINMAN ROAD,11,477443501;800048753;800048764
RICHARD ROAD,11,800049572
RIDER AVENUE,11,477441233;477441910
ROBERT DRIVE,11,477441986;477442348
ROCK CUT ROAD,11,477445195;477445216;477445224
ROXBURY ROAD,11,477430287;477430300;477430305;477430333;800042647;800042649
SAILE STREET,11,477429403
SATURN DRIVE,11,477446336
SCOTT AVENUE,11,477437601;477437620;477437733;477438557;477438594;477439603;477439912;477440489;477440687
SENECA DRIVE,11,477445473;477445643;477445915
SENECA PLACE,11,477445601
SHARON DRIVE,11,477442241
SHIRLEY ROAD,11,477439600
SIZER STREET,11,506986281
SLOCUM DRIVE,11,477442926;477443055;477443056;477443136;477443141;477443231;477443247;477443318;477443351;477443352;477443457;477443477;477443506;477443537;800034400
SMILEY DRIVE,11,477445190
SMITH STREET,11,477433697;477433988;477434313;477434738;477453879;477453881;477453882;800066449
SOLAR STREET,11,477431141;477431884;477432180;477454205;600008998;600009000;800030812;800030813;800030814;800037282
SOUTH AVENUE,11,477439227;477439534;477439779;477440015;477440292;477440738;477440988;477441046;477441117;477441526;477441548;477441677;477441797;477441835;477442031;477442178;477442390;477442519;477442637;477442664;477442901;477443064;477443072;477443117;477443162;477443324;477443376;477443414;477443621;477443707;477443748;477443922;477444045;477444378;477444569;477444646;800034579;800034581;800040253;800047557;800048967;800050947;800051053;800051062;800080348
SPAID AVENUE,11,477441390;477441413;477441421
STOLP AVENUE,11,477441147;477441157;477441164;477441179;477441188;477441192;477441199;477441212;477441223;477441227;477441232;477441237;477441245;477441274;477441289;800052910
STRAND PLACE,11,477430554
TEALL AVENUE,11,477429072;477429127;477429173;477429243;477429244;477429304;477429353;477429546;477429686;477429776;477429993;477430607;477430792;477430988;477431134;477431193;477431363;477431509;477431580;477431781;477431867;477432020;477432232;477432277;477432549;477432845;477433066;477433097;477433532;477433554;477433701;477433785;477433853;477433974;477434052;477434129;477434953;477435368;477435406;800052840
TEJAH AVENUE,11,477444071
TEMPLE PLACE,11,477442525
TERRACE ROAD,11,477440665;477440695;477440715
THIRD AVENUE,11,477429633
TIOGA STREET,11,477436361;477436559;477436805;477437086
TRACY STREET,11,477435040;477435171;477435265;477435507;477435838;800032556
TULLY STREET,11,477436531;477436616;477436675;477436753;477436804;477436961;477437082;477437167;800040238
UNION AVENUE,11,477432743;477432896;477433058
VALLEY DRIVE,11,477443470;477443599;477443744;477443845;477443973;477443977;477444170;477444205;477444354;477444473;477444483;477444602;477444633;477444695;477444754;477444857;477444873;477445007;477445123;477445227;477445353;477445439;477445599;477445624;477445749;477445859;477446096;477446185;477446193;477446303;477446559;477446748;477447402;515167916;800034592;800034593;800049155;800049156;800091492
VELASKO ROAD,11,477439667;477439790;477440672;477440961;477441275;477441480;477441610;477441655;477441831;477442159;477442283;600063423;600063424;600063427;800050531
WAITE AVENUE,11,477433763
WALNUT PLACE,11,477437463;477437833;477438143
WALRATH ROAD,11,477444459;477444474;477444484;509998057
WALTER DRIVE,11,477429747
WARNER COURT,11,477432341
WAYNE STREET,11,477433265;477433568
WEISER COURT,11,477437788
WHEATON ROAD,11,477429195;477429259;477429330;477429728;477429958;800039446;800039447
WHITE STREET,11,477439339
WILKIE PLACE,11,477429606
WILSON PLACE,11,477437916
WIMAN AVENUE,11,477444065
ALBERT ROAD,10,477436293;477436612;477437356
AMES AVENUE,10,477445576;477445666
ARCH STREET,10,477431514;477431875
ARCHER ROAD,10,477441734
ARDEN DRIVE,10,477442947;477442948;477442964
ARNTS PLACE,10,477428547
BALL AVENUE,10,477435291;477435520;477435753;477436020;477436290
BALL CIRCLE,10,477444445
BEACON ROAD,10,477428868;477428872;477428929;477428948
BEAR STREET,10,477428756;477428981;477429215;477429405;477429612;477429857;477430084;477430241;477430329;477430352;800036478;800051912
BEARD PLACE,10,477442182
BOISE DRIVE,10,477442492;477442493
BURT STREET,10,477438817;477438820;477438822;477438838;477438850;477438888;477438911;477438932;477438963;800034761;800036340;800052224
BYRNE PLACE,10,477446226;482659662
CALVIN ROAD,10,477442835;477442871
CAMP AVENUE,10,477444878;477444926;477444934;800037981
CHAPPLE WAY,10,600035941
CIRCLE ROAD,10,477441068;477441100
CLAIRE ROAD,10,477437525;477437545
CODY AVENUE,10,477436623
COOK AVENUE,10,477430722;477430759
DALE STREET,10,477428385;477428594
DELL STREET,10,477437703;477437728
DEWITT ROAD,10,477438168;477438809;477439284;477439288;800052322;800053108
DODGE DRIVE,10,477442531
DORSET ROAD,10,477440397;477440406
EAST AVENUE,10,477436917;477437536
ERIE STREET,10,477433994;477434276;477434666;477434868
FAGE AVENUE,10,477442635
FISH AVENUE,10,477445122
FORD AVENUE,10,477444188
GALE AVENUE,10,477432895
GALE STREET,10,477432616
GARY AVENUE,10,477447323
GERE AVENUE,10,477432299;477432331;477432486;800047553
GRAY AVENUE,10,477429715;477429727;800079180
HADDON ROAD,10,477438221;477438226;477438353;477438354;477438433;477438443;477438876
HALL AVENUE,10,477444306
HERZ STREET,10,477428446
HIER AVENUE,10,477430292;477430841;477431130
HIGH STREET,10,477429544
HILTON ROAD,10,477446920;477446936
HOOD AVENUE,10,477428304;477428983;600010258
HOPE AVENUE,10,477442929;477443096;477443203
HOPPER ROAD,10,477446087;477446212;477446250
HUNT AVENUE,10,477442507;477442647;477443047;477443174;477443329;477443435;477443483
IVES AVENUE,10,477434997;477435267;800066497
JANET DRIVE,10,477440342;477440484
JEAN AVENUE,10,477444095
JOHN STREET,10,477430032;477430227;477430420;477430561;477430831;477431145;477431506
KIDD AVENUE,10,600008905
KIMBER ROAD,10,477438503;477438923;477439195;477440593;507664814;507664815;800039168;800048437
KING STREET,10,477438758;477439015;800047546
KIRK AVENUE,10,477441436;477441605;477441678;506986301;506986304
KUHL AVENUE,10,477428225
LEON STREET,10,477440747
LIGHT COURT,10,477437959
LIME STREET,10,477433741;477434044;477434390;477434824
LODI STREET,10,477429830;477429970;477430085;477430233;477430256;477430380;477430444;477430515;477430613;477430734;477430982;477431011;477431207;477431322;477431423;477431507;477431622;477431809;477432058;477432194;477432282;477432518;477432673;477432852;477433055;477433233;477433436;477433567;477433820;477434157;477434286;477434562;477434625;477434821;477435034;509995729;800053240
LOMA AVENUE,10,477427558;477427730;477428117
LYNN CIRCLE,10,477446733
MANOR DRIVE,10,477437897;477437955;477438218
MARIS DRIVE,10,477446007;477446009
MARK AVENUE,10,477442270;477442408
MARVIN ROAD,10,477444383
MARY STREET,10,477430553;477430631;477430731;477431113;477431321;800040699
MEADE COURT,10,477437062
MENLO DRIVE,10,477444450;477444465;477444630
MERZ AVENUE,10,477431097
OTTO STREET,10,477445479
PAGE AVENUE,10,482659670
PALMER LANE,10,477444372
PARK AVENUE,10,477434247;477434263;477434301;477434309;477434324;477434332;477434338;477434354;477434356;477434364;477434375;477434394;477434408;477434437;508421629;508421630;800048668
PARK STREET,10,477428025;477428558;477428568;477428584;477428656;477428698;477428730;477428902;477429079;477429282;477429389;477429468;477429613;477429761;477429877;477430012;477430142;477430441;477430528;477430632;477430726;477430832;477431033;477431053;477431071;477431072;477431096;477431107;477431129;477431136;477431164;477454194;477454196;477454197;508421554;508421556;800030836;800034933;800038596;800038597;800038602
PAUL AVENUE,10,477429778;477430092
PEAT STREET,10,477433255;477433301;477433350;477433553;477433735;477434089;477434733;477434767;477434834;600008897;800066458
PECK AVENUE,10,477430218;800048716
PENTA DRIVE,10,477442780;477442781
PINE STREET,10,477435199;477435471;477435724;477435965;477436240;800066545
PLUM STREET,10,477432774;477433027;477433107;477433181;477433795;477434306;477434374;477434956;477435041;477435233;800032519
POLK STREET,10,477433696;477433740;800039888
POND STREET,10,477429107;477429239;477429431;477429545;477429699;477429820;477429855;477429955;477430019;477430076;477430183;477430440;477430555;477430675;477430851;477431010;800034840;800040125;800052349
RANN AVENUE,10,477433906
REED AVENUE,10,477441238;477441945;477442258
RICH STREET,10,477439340;477439625;477440324;477440777;477441195;477441243;477441252;477441283;477441424
RIGI AVENUE,10,477429410;477429794
RILL AVENUE,10,477444355;477444360;477444365
ROSE AVENUE,10,506986284
RUTH AVENUE,10,477442967
SAFETY LANE,10,509997003
SALT STREET,10,477454133
SAND STREET,10,477432903;477433292;477433745
SEELEY ROAD,10,477434200;477434707;477435082;477435156;477435316;477435416;477435560;477435663;477435830;477435945;477436099;477436411
SIMON DRIVE,10,600051413
SKYTOP ROAD,10,477443030;477443260;477443275;477443367;477443369;477443380;477443672;477443910;477444092;477445098;477453855;477453873;477453875
SPRING LANE,10,477429983
STACY PLACE,10,477446449
STONE COURT,10,477436525
TAFT AVENUE,10,477428509;477428759;477428873;477429040;477429121
TITUS ALLEY,10,477431017
TYLER COURT,10,477437790
TYSON PLACE,10,477429383;477429397;477429409;477429435;477429447;477429452;477429460;477429469;477429480;477429486
UNION PLACE,10,477430576;477430733;477430887;477430963
UPLAND ROAD,10,477441048
VALE STREET,10,477443896
VANN STREET,10,477432615;477432762;477432817;477432844
VIEAU DRIVE,10,477441047;477441058
VINE STREET,10,477431448;477431555;477431701;477432071;477432330;477433873;477434093
WALL STREET,10,477435195;477435729;800049154
WILL AVENUE,10,477440785
WOLF STREET,10,477427532;477427733;477427795;477427974;477428095;477428222;477428455;477428736;477428966;477429183;477429388;477429597;477429828
WOOD AVENUE,10,477442269
YALE AVENUE,10,477439094;800049430
ACORN PATH,9,477441094
AMY STREET,9,477438213
ARBOR LANE,9,477438947
ASH STREET,9,477431356;477431478;477431621;477431712;477431771;477431821;477431980;477432115
BANK ALLEY,9,477435627;477436204
DUKE DRIVE,9,477432796
DYER COURT,9,477438183;477438188;477438191
EDTIM ROAD,9,477429658
ELK STREET,9,477442304;477442322;477442362
ELM STREET,9,477432408;477433168;477434316
GAGE COURT,9,477438416
GAIS DRIVE,9,477436785
IDA AVENUE,9,477447352;477447391
KEEN PLACE,9,477443844
LACY PLACE,9,477429483
LOCK ALLEY,9,477431739
MAY AVENUE,9,477442911;477741335
NEW STREET,9,477438107;477438126;477438227
OAK STREET,9,477429363;477429706;477429886;477430203;477430223;477430509;477430779;477431054;477431272;477431329;477431635;477432013;477432445;477432524;477432822;477432878;477433223;477433256;477433320;477433924;477434156;477434278
ROE AVENUE,9,477443595;477443756
RONEY LANE,9,477442995;477442996;477443078;477443082;477443104;477443110;800032733;800054387
RONEY ROAD,9,477445705
RUGBY ROAD,9,477430010;477430034;477430043;477430049;477430072;477430101;477430111;477430113;477430115;477430194;477430205;477430222;477430369;504326410;504326416
SMALL ROAD,9,477442937;477443032;477443101;477443361;800034405
SMITH LANE,9,477442890;477442954;477442955;800032740
SMITH ROAD,9,477445593;477445719
WILL COURT,9,477436913
AVON ROAD,8,477430992
CROUSE DR,8,477439218
EDNA ROAD,8,477447325;800047572
GAME ROAD,8,477444441
HODES WAY,8,800034349;800034357
KANE ROAD,8,477431578
OAK PLACE,8,477432821
PARK ROAD,8,477430585
POND LANE,8,477430077
ROSS PARK,8,477428793;800048788;800048790;800048791;800048792
FAY ROAD,7,477437745;477438024;800049096
LEA LANE,7,477429212
