order,changes,miles,names,max_join_angle
1,4,2.9000966477870183,CRAWFORD AVENUE > BROAD STREET > BERKELEY DRIVE > OSTROM AVENUE > COMSTOCK PLACE,26.778407757528104
2,4,2.4979848601141814,STATE FAIR BOULEVARD > SPENCER STREET > WEST KIRKPATRICK STREET > WEST COURT STREET > COURT STREET,16.637541677582266
3,3,4.589720396414167,TOMPKINS STREET > SOUTH WILBUR AVENUE > WEST FAYETTE STREET > EAST FAYETTE STREET,22.220987140430733
4,3,2.6632132352279623,MCCHESNEY PARK DRIVE > POND STREET > NORTH TOWNSEND STREET > SOUTH TOWNSEND STREET,11.20535339889517
5,3,2.0514609256715746,SOUTH WILBUR AVENUE > DELAWARE STREET > WEST ONONDAGA STREET > TALLMAN STREET,18.725950588133603
6,3,1.2443825043761791,RENWICK AVENUE > MARTIN LUTHER KING EAST > MARTIN LUTHER KING WEST > HUDSON STREET,15.888269647752661
7,3,0.5913121946692954,WEST FAYETTE STREET > TENNYSON AVENUE > BURNET PARK DRIVE > TENNYSON AVENUE,2.458512088818138
8,3,0.46472109078936785,WILSON PLACE > EAST GIFFORD PARKWAY > GIFFORD PARKWAY > EAST GENESEE PARKWAY,19.306170493447482
9,2,3.414811734195548,VALLEY DRIVE > GLENWOOD AVENUE > MCDONALD ROAD,20.889159469996606
10,2,2.7219094526527017,GERE AVENUE > WEST END DRIVE > ERIE BOULEVARD WEST,21.95010482350336
11,2,2.4763197987857084,VELASKO ROAD > SOUTH AVERY AVENUE > AVERY AVENUE,11.736215804352865
12,2,2.072740425286513,NORTH MIDLER AVENUE > SOUTH MIDLER AVENUE > SEELEY ROAD,6.274357972562871
13,2,1.991976043807739,BUTTERNUT STREET > NORTH FRANKLIN STREET > SOUTH FRANKLIN STREET,10.621020229440758
14,2,1.8559252311374583,DESTINY USA DRIVE > HARBORSIDE DRIVE > NBT BANK PARKWAY,20.387450100157775
15,2,1.372429505045552,EAST ADAMS STREET > WEST ADAMS STREET > SHONNARD STREET,23.53895130463759
16,2,0.9128095346992209,NORTH BEECH STREET > SOUTH BEECH STREET > MADISON STREET,14.19821395156284
17,2,0.8304192731948172,WEST STREET ARTERIAL SOUTHBOUND > SOUTH WEST STREET > WEST STREET ARTERIAL SOUTHBOUND,12.248514751162837
18,2,0.7820935656963339,MONTICELLO DRIVE SOUTH > MONTICELLO DRIVE NORTH > SPRINGBROOK AVENUE,2.4933111142268904
19,2,0.6277884135431103,SUMNER AVENUE > DORSET ROAD > CIRCLE ROAD,12.543889396563896
20,2,0.6099047111755026,LAMBRETH LANE > WINDING RIDGE ROAD > CHINOOK DRIVE SOUTH,24.851851352918235
21,2,0.5763807263214719,ROE AVENUE > TEJAH AVENUE > JEAN AVENUE,14.087360743582991
22,2,0.5326301730144457,CRESTVIEW TERRACE > CAYUGA STREET > EMERSON AVENUE,11.287360301293326
23,2,0.49432424683325826,SOUTH GLENCOVE ROAD > NORTH GLENCOVE ROAD > GLENCOVE ROAD,17.59567092679877
24,2,0.4740209918474021,WEST CHELTENHAM ROAD > EAST CHELTENHAM ROAD > NORTH CHELTENHAM ROAD,25.84235121022038
25,2,0.4422453607725005,RIVERDALE DRIVE > MARIS DRIVE > CRESTVIEW DRIVE,12.836264145567613
26,2,0.2814228927460088,WEST SCOTT AVENUE > SCOTT AVENUE > GENESEE PARK DRIVE,4.576981728093716
27,1,5.481799871491889,WEST GENESEE STREET > JAMES STREET,22.59595367937864
28,1,5.224050831453723,SOUTH SALINA STREET > NORTH SALINA STREET,19.13896411553721
29,1,2.955442453829022,SOUTH GEDDES STREET > NORTH GEDDES STREET,9.721882428963712
30,1,2.5567081437268135,WEST COLVIN STREET > EAST COLVIN STREET,6.489788138039324
31,1,2.2785574599777547,NORTH STATE STREET > SOUTH STATE STREET,28.96875659821833
32,1,2.1693068570768075,SOUTH AVENUE > CORTLAND AVENUE,19.168963119036654
33,1,1.966485227315926,WEST SENECA TURNPIKE > EAST SENECA TURNPIKE,9.85872517024888
34,1,1.9480628743299853,WEST BRIGHTON AVENUE > EAST BRIGHTON AVENUE,6.6101358000585515
35,1,1.8567047106602579,TEALL AVENUE > COLUMBUS AVENUE,2.4778160836056835
36,1,1.855178121548656,MANOR DRIVE > SALT SPRINGS ROAD,15.804118540723673
37,1,1.7534044942047566,PEAT STREET > WESTMORELAND AVENUE,5.2463959398757956
38,1,1.7257739523975815,LEXINGTON AVENUE > EAST GENESEE STREET,20.94097847657481
39,1,1.7124040151810866,WEST ONONDAGA STREET > ONONDAGA AVENUE,27.43328424750955
40,1,1.6716262411156968,LOMBARD AVENUE > WESTCOTT STREET,10.614028240167691
41,1,1.5531143211773895,WEST BEAR STREET > BEAR STREET,5.356247790993054
42,1,1.5132242884855471,EAST WATER STREET > WEST WATER STREET,7.197948225762096
43,1,1.500607295038763,HIAWATHA BOULEVARD WEST > HIAWATHA BOULEVARD EAST,12.43029739781047
44,1,1.445307010743584,SUNNYCREST ROAD > SHOTWELL PARK,10.574527818672216
45,1,1.387565927480913,SALISBURY ROAD > WHITTIER AVENUE,11.856643584704416
46,1,1.3204244430041236,PROSPECT AVENUE > NORTH SALINA STREET,25.78922730287873
47,1,1.2784644771747078,HIAWATHA BOULEVARD WEST > HIAWATHA BOULEVARD EAST,25.74031148261131
48,1,1.2764583038699038,STATE FAIR BOULEVARD > PARK AVENUE,14.775836014083001
49,1,1.251786737652781,CATHERINE STREET > ALMOND STREET,20.532709841886657
50,1,1.2139578296983065,ONONDAGA BOULEVARD > WEST ONONDAGA STREET,3.0946060984601935
51,1,1.207376457517449,TEX SIMONE DRIVE > FIRST NORTH STREET,4.873827122806055
52,1,1.1756377608054773,HIGHPOINT STREET > SEYMOUR STREET,17.952727889672303
53,1,1.1621928273870523,NORTH CLINTON STREET > SOUTH CLINTON STREET,4.817719937108954
54,1,1.1598724262578022,ENFIELD PLACE > EUCLID AVENUE,10.677865648723026
55,1,1.1249318830758397,WEST BELDEN AVENUE > PLUM STREET,6.69263768180243
56,1,1.0572057283984075,MERTENS AVENUE > SEDGWICK DRIVE,28.627107367144735
57,1,1.0427271899235624,SPENCER STREET > CATAWBA STREET,6.019561993453719
58,1,1.0213826492880433,SOLAR STREET > DESTINY USA DRIVE,2.889116879693173
59,1,1.0055329723526458,WEST WASHINGTON STREET > EAST WASHINGTON STREET,10.282607333809082
60,1,1.0002260717659255,GLENWOOD AVENUE > REED AVENUE,7.6568556999683635
61,1,0.9839772819736691,MANLEY FIELD HOUSE > SKYTOP ROAD,26.489699178159956
62,1,0.9754780722411318,SHUART AVENUE > ELM STREET,0.4395303176730431
63,1,0.9712717055988591,WEST NEWELL STREET > EAST NEWELL STREET,9.37664410882813
64,1,0.9702646947753572,BROOKFORD ROAD > EAST AVENUE,21.271928205475948
65,1,0.9547213881769318,MILTON AVENUE > BURNET PARK DRIVE,8.960944174029171
66,1,0.9477370595585088,SLOCUM AVENUE > SOUTH AVENUE,14.76869595713082
67,1,0.9434623107637266,BALLANTYNE ROAD > WALRATH ROAD,6.222739674511639
68,1,0.9414491201625899,NORTH CROUSE AVENUE > SOUTH CROUSE AVENUE,3.6874122310086346
69,1,0.9003844001170862,CANAL STREET > SIMON DRIVE,5.2019385897632
70,1,0.8990051039398428,VAN BUREN STREET > ALMOND STREET,14.909251755340263
71,1,0.8515618252120354,SMALL ROAD > CHINOOK DRIVE,24.576208632740737
72,1,0.8211804219845257,LEMOYNE AVENUE > STEDMAN STREET,13.575927500107765
73,1,0.788424341888973,WEST FAYETTE STREET > SYRACUSE STREET,10.074754272968034
74,1,0.7763376717666256,NORTH MCBRIDE STREET > SOUTH MCBRIDE STREET,10.314219426177416
75,1,0.7663103614417691,MILTON AVENUE > EMERSON AVENUE,26.47961421296126
76,1,0.7534264950918322,NORTH WARREN STREET > SOUTH WARREN STREET,6.668935730590604
77,1,0.7495830475296019,STRATHMORE DRIVE > ROBERTS AVENUE,11.946865926256104
78,1,0.7480521683172853,MAPLE STREET > SOUTH BEECH STREET,15.267861443130283
79,1,0.7478866783982083,HOPPER ROAD > BARNES AVENUE,4.315677550861783
80,1,0.7422817464531718,STRATFORD STREET > MOUNT OLYMPUS DRIVE,5.154663861566986
81,1,0.7309300385878162,CRESCENT AVENUE > WEST KENNEDY STREET,11.285474790170104
82,1,0.7289016895041504,SPRINGFIELD ROAD > MOUNTAINVIEW AVENUE,1.4623991872798974
83,1,0.7031298406904151,SHERIDAN DRIVE > RICH STREET,6.696455861917709
84,1,0.6834080855070149,OAKWOOD AVENUE > SOUTH TOWNSEND STREET,14.029072717920288
85,1,0.6618499231108765,LEAVENWORTH AVENUE > EVANS STREET,8.205365163708743
86,1,0.6503244973953233,WEST LAFAYETTE AVENUE > EAST LAFAYETTE AVENUE,3.081419538962483
87,1,0.6452163550316901,TRACY STREET > NORTH WEST STREET,29.410900595355315
88,1,0.6224717461629369,HAYDEN AVENUE > HERKIMER STREET,7.202533472163579
89,1,0.612356630121629,OSWEGO STREET > CONGRESS AVENUE,15.519366086879419
90,1,0.5857543676383496,SEARLWYN ROAD > LATTER DRIVE,17.43733345479734
91,1,0.5735292478901324,SPRINGFIELD ROAD > SMITH STREET,20.544720858122805
92,1,0.5685848482408526,AUDUBON PARKWAY > NORTHWAY STREET,10.718404015689543
93,1,0.564112557512466,GAGE COURT > BURT STREET,2.101874279582752
94,1,0.5631150763801102,ONONDAGA CREEK BOULEVARD EAST > VALE STREET,22.36116501247311
95,1,0.5590783899055863,OAKLEY DRIVE EAST > SPAULDING AVENUE,0.8348162358616492
96,1,0.5462191184489922,STINARD AVENUE > CHARMOUTH DRIVE,9.914562537765832
97,1,0.5419981143371404,ROBINSON STREET > SEDGWICK STREET,11.63068197034184
98,1,0.5261050601818578,ERIE BOULEVARD EAST > OSWEGO BOULEVARD,23.151156080678014
99,1,0.521378812242808,SUNRISE DRIVE > SNELL TERRACE,6.184696572531716
100,1,0.5210923956975362,CAMP AVENUE > BARNES AVENUE,24.41087203257061
101,1,0.5177251780167986,DARLINGTON ROAD > DARLINGTON ROAD EAST,0.6629196119578812
102,1,0.5115286581694425,BUTTERNUT STREET > KUHL AVENUE,11.684472432544743
103,1,0.5012943897125395,HIAWATHA PLACE > WILLUMAE DRIVE,17.8210194945176
104,1,0.4967348777023537,EAST BRIGHTON AVENUE > EAST SENECA TURNPIKE,5.696371885495164
105,1,0.4913952553105354,BALLARD AVENUE > FURMAN STREET,20.0515696179062
106,1,0.47965048351206724,BERNIE BLAKE DRIVE > LOOMIS AVENUE,3.161107750368188
107,1,0.46393202340395623,CORAL AVENUE > ATLANTIC AVENUE,15.204312040494393
108,1,0.4352451107910832,HOWARD STREET > GERTRUDE STREET,5.519059706785352
109,1,0.43037049465436844,EAST MATSON AVENUE > WEST MATSON AVENUE,3.7628988950497875
110,1,0.4215451402082324,ELMWOOD AVENUE > EDGEWOOD AVENUE,24.81830573246186
111,1,0.419669953372084,RIEGEL STREET > GREENWAY AVENUE,23.32866651572279
112,1,0.4135138814200265,ALANSON ROAD > ROBINEAU ROAD,8.248102488741223
113,1,0.41079096385530767,RIDGEWOOD DRIVE > NORTHCLIFFE ROAD,18.856097418973967
114,1,0.40928536281434513,PARRISH LANE > HAYES TERRACE,8.593871283954181
115,1,0.40007678731705615,EAST WASHINGTON STREET > LOMBARD AVENUE,26.45813590810332
116,1,0.39463950751520144,BARRINGTON ROAD > BEAUMONT PLACE,23.693107352882908
117,1,0.3937673537630729,EAST ONONDAGA STREET > MONTGOMERY STREET,15.275573369614145
118,1,0.3907497847233812,WEST BEARD AVENUE > EAST BEARD AVENUE,3.3572222969148338
119,1,0.3898201171534537,JASPER PLACE > JASPER STREET,1.1475312526637402
120,1,0.38245490534399823,WHEATON ROAD > DORCHESTER AVENUE,24.81328068703858
121,1,0.3806269459645046,HOUSTON AVENUE > HARVARD PLACE,2.992648067363662
122,1,0.3791316613702636,WEST CORNING AVENUE > EAST CORNING AVENUE,7.756021308298858
123,1,0.37559841156765883,WESTWOOD ROAD > JUNEWAY ROAD,26.605533553648282
124,1,0.3720691529040825,SMITH LANE > MOORE AVENUE,16.820838101844608
125,1,0.3685386435397808,NORTH LORRAINE AVENUE > LORRAINE AVENUE,0.4111349058356734
126,1,0.35390839258402873,HERBST AVENUE > PATTISON STREET,17.43834208945808
127,1,0.3312771250652445,EAST JEFFERSON STREET > WEST JEFFERSON STREET,0.9914012535876574
128,1,0.32843022005276107,MENLO DRIVE > BENNINGTON DRIVE,7.804937798283566
129,1,0.3227445160709519,CUMBERLAND AVENUE > ELLIS STREET,4.229456266203979
130,1,0.3176828467985365,ARCH STREET > CRESLINE DRIVE,0.9702856789232271
131,1,0.30949187894388586,TERRACE ROAD > KENSINGTON ROAD,4.924133915256138
132,1,0.30108627692403256,WEBSTERS LANDING > NORTH FRANKLIN STREET,18.089481876799734
133,1,0.2985885678367234,WEST BISSELL STREET > EAST BISSELL STREET,6.406544057589606
134,1,0.29710355423418505,KINGSLEY PLACE > EMERSON AVENUE,1.3008607770792355
135,1,0.2835139224928604,MANLEY FIELD HOUSE > CHAPPLE WAY,0.3071291146778352
136,1,0.2807882615461705,NORTH GLENCOVE ROAD > GLENCOVE ROAD,2.0548628206632413
137,1,0.2760465245415645,EDISON STREET > SAND STREET,26.863941434130627
138,1,0.26870109028093336,STRATHMORE ROAD > STRATHMORE DRIVE,2.6309177652270908
139,1,0.26573562349917984,DEMONG DRIVE > GIFFORD PARKWAY,24.406525737307174
140,1,0.2512168399040097,DYER COURT > JACKSON STREET,1.4586183392425838
141,1,0.24920140597305632,DEMONG DRIVE > GIFFORD PARKWAY,13.44161470951756
142,1,0.24078298041415544,JULIAN PLACE > NOTTINGHAM ROAD,2.642259927727959
143,1,0.22195790029658005,BUCKINGHAM AVENUE > KENSINGTON ROAD,7.251972657675671
144,1,0.21962096896104355,HUNTINGTON ROAD > INVERNESS PLACE,20.744545154629318
145,1,0.20875937340919185,WINDHAM DRIVE > GUILFORD ROAD,14.641067018772166
146,1,0.20616029957725335,WALLACE STREET > HERALD PLACE,3.02693966547979
147,1,0.20588579397558532,HUGHES PLACE NORTH > HUGHES PLACE,2.5150928292692436
148,1,0.19436919726259774,RADCLIFFE ROAD > DEMONG DRIVE,10.605053912865072
149,1,0.19328373678735067,LARNED STREET > SAFETY LANE,19.60823104376665
150,1,0.1787962192473382,WINTON STREET > SCHULER STREET,14.200178937677052
151,1,0.17741828780959615,MARQUETTE STREET > HUNTER AVENUE,21.20589196476342
152,1,0.16355373431568074,THURGOOD TERRACE > EAST RAYNOR AVENUE,0.8355307282516037
153,1,0.16022883720944894,WINDHAM DRIVE > GUILFORD ROAD,21.06658997200608
154,1,0.15526139555319143,ROCKWOOD PLACE > ROCKWOOD ROAD,15.657608682046165
155,1,0.1501686258154811,RONEY LANE > SMITH LANE,14.140014279347824
156,1,0.1441579686644886,LORETTO ROUNDABOUT > EAST GLEN AVENUE,17.398803849086924
157,1,0.13662951267177698,NOTTINGHAM ROAD > LEWISTON DRIVE,20.747864045258492
158,1,0.1352236798349452,TECUMSEH STREET > TECUMSEH ROAD,1.345338936056007
159,1,0.12523832837347304,WEST LAUREL STREET > EAST LAUREL STREET,0.4192849790007565
160,1,0.11517827999998814,DABLON COURT > RADISSON COURT,2.2061023053522426
161,1,0.11033746017585794,SHOP CITY PLAZA > GRANT TERRACE,6.887283186724578
162,1,0.1066504900913674,EAST DALE STREET > BEACON ROAD,14.241254637159324
163,1,0.08607269631639118,GALE AVENUE > GALE STREET,0.26757033513799994
164,1,0.08559376143031491,MULBERRY TERRACE > DANFORTH TERRACE,22.118873899909083
165,1,0.03427865094614057,EAST GLEN AVENUE > LORETTO ROUNDABOUT,14.072307849255653
166,1,0.025711107283604345,EAST GLEN AVENUE > LORETTO ROUNDABOUT,3.9895149544416975
167,0,3.249051624012568,BURNET AVENUE,4.142960497284373
168,0,3.2121926052158356,ERIE BOULEVARD EAST,22.122262819574658
169,0,2.703039107847803,EAST GENESEE STREET,6.433998920330812
170,0,2.310664671124884,MIDLAND AVENUE,11.264721277495621
171,0,2.165268395775975,COMSTOCK AVENUE,0.9760869529984082
172,0,2.1048301896110955,ERIE BOULEVARD EAST,3.3269634963443018
173,0,2.094539496961295,BELLEVUE AVENUE,4.293480563611418
174,0,1.8133843487777794,MEADOWBROOK DRIVE,15.610309844926729
175,0,1.6588466498166619,LODI STREET,21.842872790404375
176,0,1.60019211563829,MEADOWBROOK DRIVE,24.037333932299234
177,0,1.5044904531798926,GRANT BOULEVARD,14.10901429695435
178,0,1.435352702302498,OAK STREET,12.190412935253601
179,0,1.4155101807538428,JAMESVILLE AVENUE,9.41913526075208
180,0,1.2508121508682877,CARBON STREET,1.6869019954084992
181,0,1.2474797503478847,VAN RENSSELAER STREET,7.1222632454763515
182,0,1.196344909681386,WADSWORTH STREET,23.754481670633048
183,0,1.1834313994362535,HARRISON STREET,8.116542194505994
184,0,1.164301033748243,CALEB AVENUE,6.908901386714886
185,0,1.0906591737354243,EUCLID AVENUE,15.646729631675578
186,0,1.0771103109418907,NORTH STATE STREET,6.776604601613143
187,0,1.071929407684787,STOLP AVENUE,12.934871971137946
188,0,1.0440724739540441,PARK STREET,1.5086057355967173
189,0,1.0308195786560579,WOLF STREET,1.0886211854604364
190,0,1.0243656412901292,FELLOWS AVENUE,1.1058483642611656
191,0,1.022411887835915,TURTLE STREET,3.0011144352906625
192,0,0.9854897419134129,GRAND AVENUE,6.976683559749216
193,0,0.9556349041513758,THOMPSON ROAD,7.0577696460423205
194,0,0.9522681425357741,LAFAYETTE ROAD,7.750716847813271
195,0,0.9361887284351983,GENANT DRIVE,29.395826805640088
196,0,0.9204466570691124,KIRKPATRICK STREET,1.5862889717460849
197,0,0.9145126837072264,GIFFORD STREET,6.533060212464595
198,0,0.9133305750555496,COURT STREET,5.718839506406841
199,0,0.8804356655392926,PARK STREET,12.357989038614038
200,0,0.8715145537507571,IRVING AVENUE,3.1172308434451677
201,0,0.8495961999596597,DEWITT STREET,8.979145626234581
202,0,0.8330635179156166,MADISON STREET,1.5574109260312354
203,0,0.8276943821859811,WEST STREET ARTERIAL NORTHBOUND,7.1500530438048235
204,0,0.8276798430899707,HIGHLAND STREET,7.676451632602675
205,0,0.8269264264299998,SPRING STREET,1.6723158915677219
206,0,0.8260005444294174,KIRK PARK DRIVE,11.581174977682174
207,0,0.8203554832218967,CANAL STREET,1.2947249504466807
208,0,0.8156440225510098,HICKOK AVENUE,0.9912642499161666
209,0,0.8111373008490133,WILLIS AVENUE,28.251907139189292
210,0,0.8028560752673805,STAFFORD AVENUE,0.35846951490638035
211,0,0.7912872824498802,NORTH CLINTON STREET,9.721722245851717
212,0,0.781495884468078,ALLEN STREET,0.3365613752415393
213,0,0.7767388220052979,WOODBINE AVENUE,1.127945942677728
214,0,0.7654401191943823,EAST WILLOW STREET,13.713007661334757
215,0,0.7636530136680767,HILLSDALE AVENUE,1.3641370439202032
216,0,0.760336251495507,DANFORTH STREET,2.9627193992561547
217,0,0.7526357837190147,NORTHCLIFFE ROAD,8.786187039419893
218,0,0.7482632897394172,SOUTH COLLINGWOOD AVENUE,1.127624156079376
219,0,0.7440462352979559,BUCKINGHAM AVENUE,1.8177917542521767
220,0,0.7440451913296169,NICHOLS AVENUE,1.4370858695084276
221,0,0.7439901478823059,GLENCOVE ROAD,2.5094359347859174
222,0,0.7357294833694249,SHONNARD STREET,0.3154923681715559
223,0,0.7336815966861763,SOUTH EDWARDS AVENUE,0.6329159146413891
224,0,0.731964713766573,UNIVERSITY AVENUE,0.5379494740225595
225,0,0.7296110222794514,WALNUT AVENUE,0.6715531882242904
226,0,0.7190073613949636,ONONDAGA CREEK BOULEVARD,11.944065260618736
227,0,0.7183432997155429,RUGBY ROAD,12.855974582167898
228,0,0.7156568473410305,GLENWOOD AVENUE,5.491218710791993
229,0,0.7095091210321223,GRANT BOULEVARD,5.915131460284874
230,0,0.7089309581546123,ROBINEAU ROAD,0.807949671969844
231,0,0.7032280322391141,BRADFORD PARKWAY,6.729045566860328
232,0,0.6981123663186957,LODI STREET,2.1839291905041196
233,0,0.69307608333142,STINARD AVENUE,3.810744471669759
234,0,0.688363405687725,WESTMORELAND AVENUE,1.1615738657763202
235,0,0.6843917598363205,HAWLEY AVENUE,3.1485326761673686
236,0,0.6824589135808287,DURSTON AVENUE,0.5085327264943005
237,0,0.6776585272865202,THURBER STREET,6.548694534839923
238,0,0.6708738977135968,MOSLEY DRIVE,1.6942230338220228
239,0,0.6635614891441242,HILLSBORO PARKWAY,26.9542502581208
240,0,0.6592471971867977,COLERIDGE AVENUE,8.27074800603962
241,0,0.6555143336811387,PLYMOUTH DRIVE,3.147113329141987
242,0,0.6532641214884131,CUMBERLAND AVENUE,1.3409478731656406
243,0,0.6516746917874137,SCOTT AVENUE,0.8877620345144824
244,0,0.6482840328328953,WEST OSTRANDER AVENUE,13.038935779461056
245,0,0.6447139236280821,KIMBER ROAD,6.7852917469090945
246,0,0.6434587051314783,OTISCO STREET,0.9574906604820702
247,0,0.6407338636312468,ULSTER STREET,13.54327727197768
248,0,0.6354384753695077,SECOND NORTH STREET,0.42833412497798706
249,0,0.6325571533864486,HELEN STREET,0.5092246738716086
250,0,0.6295043370959181,LEMOYNE AVENUE,8.596239322080288
251,0,0.6233655562084671,SCHUYLER STREET,1.547550186749488
252,0,0.6185298994511674,MARCELLUS STREET,1.6350298097203428
253,0,0.6138027392444672,BRYANT AVENUE,0.5066446050859605
254,0,0.6122401678284721,HAMILTON STREET,0.7604951729126643
255,0,0.6086911028247266,EAST DIVISION STREET,9.192315115823433
256,0,0.6010964187823671,WILKINSON STREET,1.2631039957969017
257,0,0.5980163471457872,ACKERMAN AVENUE,4.303626501163967
258,0,0.5943654551222681,KIRK AVENUE,19.231325545863765
259,0,0.5793702621187578,RICHMOND AVENUE,7.241065460328542
260,0,0.5781333410817269,MYRTLE STREET,9.140841688835488
261,0,0.5777576222482205,DORWIN AVENUE,0.9009652286063834
262,0,0.5777523341598504,FAYETTE BOULEVARD,26.974540387532922
263,0,0.5770376800691909,OAKWOOD AVENUE,2.9065125473299163
264,0,0.5757098034011949,LANCASTER AVENUE,1.3317760247825894
265,0,0.5711294054665396,TYSON PLACE,1.3838994137299492
266,0,0.5699319596346151,HAWLEY AVENUE,0.7536874989216407
267,0,0.5674526560318776,WENDELL TERRACE,15.766145739258096
268,0,0.5671762251028275,WILLIS AVENUE,1.3365564211424363
269,0,0.5632763630376627,LANCASTER AVENUE,1.2707406392860348
270,0,0.5458780396146363,LOCKWOOD ROAD,3.037333244432405
271,0,0.539773098381548,MERRIMAN AVENUE,1.2887470229601197
272,0,0.5389930328069678,NORTH LOWELL AVENUE,1.0579950451294031
273,0,0.5322968651518538,BEATTIE STREET,6.020745059511219
274,0,0.5300816070572166,WINKWORTH PARKWAY,27.974258142531266
275,0,0.528208887854277,WOLCOTT AVENUE,1.6032408906403401
276,0,0.5265779581649879,ROWLAND STREET,6.962485129589826
277,0,0.5229816784276184,PARK AVENUE,1.5594659482856787
278,0,0.5221508053234423,GREEN STREET,0.7572341354371213
279,0,0.5204448634803389,PARK STREET,0.39071467515676883
280,0,0.5162984309069216,CANNON STREET,4.214261529701747
281,0,0.50553623967095,JOHN STREET,2.11455343654061
282,0,0.5050552461728469,NORTH EDWARDS AVENUE,0.14608942527711777
283,0,0.5047434625582571,NORTH COLLINGWOOD AVENUE,1.1950520905966726
284,0,0.5040305399132186,ASHDALE AVENUE,0.9143614192366438
285,0,0.50336924690731,STANDISH DRIVE,2.7070308685902367
286,0,0.5028600086089566,LILLIAN AVENUE,5.325214458108699
287,0,0.5004398245037065,BRUCE STREET,6.709377004321162
288,0,0.49550726864727385,NORWOOD AVENUE,1.017987054405796
289,0,0.49403427676299205,DEWITT ROAD,6.802657329014525
290,0,0.49138328938500053,SOUTH MCBRIDE STREET,1.7533854729033245
291,0,0.4891275328930704,CLOVER RIDGE DRIVE,1.0304413961322427
292,0,0.48905169365434703,CADILLAC STREET,8.064448210385374
293,0,0.4870305915792829,LONGMEADOW DRIVE,23.25838210108745
294,0,0.4868201637000097,FOREST HILL DRIVE,29.42010320181651
295,0,0.4855068827499529,SEVENTH NORTH STREET,1.1586482742025361
296,0,0.4829971923126679,MIDLAND AVENUE,21.798049585722115
297,0,0.4828413883259604,BURNS AVENUE,2.078357523937256
298,0,0.48149678871685175,CROSSETT STREET,1.7416395881489253
299,0,0.4810496063513079,DOUGLAS STREET,0.22967766925271701
300,0,0.4786884839907568,HILLSBORO PARKWAY,6.568496071189325
301,0,0.47829942359570304,EAST TAYLOR STREET,3.5335178969997543
302,0,0.47678563535637986,FOREST HILL DRIVE,0.6411993831043938
303,0,0.4760697803053656,AINSLEY DRIVE,0.9789434558567135
304,0,0.47365929437720355,TULLY STREET,2.5705622562134804
305,0,0.4731422949251075,CLARENDON STREET,6.892353315972041
306,0,0.47144634285585996,WAVERLY AVENUE,1.0164310355137545
307,0,0.47074737227003793,BRATTLE ROAD,2.3442703240590723
308,0,0.47006146711506425,BOSTON STREET,1.9291013536504653
309,0,0.46535419512493614,COUGHLIN AVENUE,4.178891823906988
310,0,0.4614492524647893,DEMONG DRIVE,22.19873738910497
311,0,0.4580205790175584,SCOVILLE AVENUE,0.7590314370792375
312,0,0.4578764966430448,GENESEE PARK DRIVE,6.672543148254409
313,0,0.45691089287707043,KENWICK DRIVE,7.15439155167321
314,0,0.45388049607801384,HANCOCK DRIVE,0.8555547916797297
315,0,0.4538219011929739,HILLSIDE STREET,1.0214984153004298
316,0,0.453574880491141,LIBERTY STREET,0.6700636873450071
317,0,0.45303735677800483,WEST PLEASANT AVENUE,0.5631407086826578
318,0,0.4520202324179103,SOUTH WEST STREET,4.769584328764978
319,0,0.4495141321393091,HUNT AVENUE,0.6685238555678562
320,0,0.44687255230185874,GRANT BOULEVARD,12.121998690573532
321,0,0.4440907254153203,SCOTTHOLM TERRACE,1.7262942778846138
322,0,0.4439949506298733,EDGEMONT DRIVE,3.461684983395432
323,0,0.443583695251278,HIGHLAND AVENUE,0.7007097917738215
324,0,0.44246568731713537,SLOCUM DRIVE,16.563610676064414
325,0,0.4418499985331967,ROOSEVELT AVENUE,1.4395950018596753
326,0,0.43742000957875016,FITCH STREET,2.044158187793289
327,0,0.43215969548829525,PULASKI STREET,0.7743471488736609
328,0,0.43182424462534924,HICKORY STREET,1.2644343811868626
329,0,0.4314389023139303,VANN STREET,1.9379739633797155
330,0,0.42859358560538896,FABIUS STREET,3.4848932856119705
331,0,0.427275828271663,ACADEMY PLACE,0.9348531039596313
332,0,0.42605710455681944,ACADEMY GREEN,25.286705041386284
333,0,0.42364966850998387,ASH STREET,3.0270658604062533
334,0,0.42310513326603155,ONEIDA STREET,18.817018127443202
335,0,0.42223334585099237,HOOD AVENUE,2.936517859275534
336,0,0.42080980480374414,KELLOGG STREET,0.8867469311111332
337,0,0.41930114610854563,FARMER STREET,1.047907568188636
338,0,0.41626885693953414,GOODRICH AVENUE,0.3720502497234231
339,0,0.41502913185148166,ERIE STREET,0.43265963993147655
340,0,0.4116863017498763,SEDGWICK DRIVE,18.76003595291152
341,0,0.4091028343459795,FOBES AVENUE,1.562237875740008
342,0,0.40758349800936794,HOEFLER STREET,0.6165218927817705
343,0,0.4057673600297745,MARSHALL STREET,0.8414076586345691
344,0,0.405164176967456,HIXSON AVENUE,1.3380550560528
345,0,0.40361563780673376,LAKEVIEW AVENUE,1.0164684371587742
346,0,0.4033053216231026,NOTTINGHAM ROAD,1.5515417589375866
347,0,0.4027248221778171,HOLLAND STREET,0.3457011010451333
348,0,0.40224822309693614,CARLTON ROAD,0.17510993214185158
349,0,0.4010834623245483,LINCOLN AVENUE,0.20010421504098716
350,0,0.39971175784534596,ARTHUR STREET,2.785536217541895
351,0,0.39941742761529386,KENSINGTON PLACE,0.5400932219052176
352,0,0.39591625775055966,RIDER AVENUE,0.020932826971762217
353,0,0.3954650354755398,HUDSON STREET,0.3348506317878669
354,0,0.39465464589000776,PLEASANTVIEW AVENUE,0.38412132489934453
355,0,0.3945794178426561,EAST WASHINGTON STREET,13.565391020811411
356,0,0.3936541729232564,MILDRED AVENUE,0.1129248938576214
357,0,0.393330546352861,HAZELWOOD AVENUE,0.27316000922121764
358,0,0.390976145634237,SPRING STREET,0.3013341066684603
359,0,0.3899039621721801,CROLY STREET,0.03484037716065961
360,0,0.3897706112878566,SOUTH ALVORD STREET,1.9290204824557942
361,0,0.38928931182930765,EAST LAUREL STREET,1.1787544584389762
362,0,0.38903943848201994,PALMER AVENUE,0.14602820223392263
363,0,0.38382859050262025,RESTORATION WAY,9.744777454562737
364,0,0.3816623328300816,WINKWORTH PARKWAY,1.9003484769074712
365,0,0.38085082033401424,NORTH ALVORD STREET,1.1282044087060668
366,0,0.3807756004394306,COOLIDGE AVENUE,0.25027448952292314
367,0,0.3806159972915875,MAPLEWOOD AVENUE,0.8060148938461869
368,0,0.38014622288110467,PUTNAM STREET,2.248082269368308
369,0,0.3790150345360037,MATHER STREET,0.8411046349402689
370,0,0.3778366808465621,SHOTWELL PARK,1.8575621489334018
371,0,0.37778742275070726,BRATTLE ROAD,0.10641500195718913
372,0,0.3774383193565998,FENWAY DRIVE,0.2962703571036289
373,0,0.3758716611405686,SOUTH ORCHARD ROAD,9.578236290663924
374,0,0.37457890469048266,WAINWRIGHT AVENUE,0.20770654949087913
375,0,0.372693367286159,IVY RIDGE ROAD,0
376,0,0.36873777757202036,MARYLAND AVENUE,0.9207209134265596
377,0,0.3686623472094066,HURLBURT ROAD,4.429819511892294
378,0,0.3674628370711341,AUDUBON PARKWAY,11.630422809654913
379,0,0.36616846621125126,JENSEN AVENUE,0
380,0,0.3657021957720782,NORTH AVENUE,7.076978478914307
381,0,0.36458681020374323,HARTSON STREET,0.7707744568350942
382,0,0.36234352055859004,MELROSE AVENUE,1.4941766149517217
383,0,0.35857067388805774,ROSS PARK,24.897147995968893
384,0,0.3566427268204828,MONTGOMERY STREET,0.28536262857586725
385,0,0.3563845230328149,RIDGEWOOD DRIVE,0.16310486496540794
386,0,0.3549385911216664,BEECHER STREET,12.969242123967794
387,0,0.35468891437630157,TWIN HILLS DRIVE,15.379896652172448
388,0,0.3543787703744767,SENECA DRIVE,1.0798425681069996
389,0,0.3542476395905011,COLDBROOK DRIVE,7.794303934418561
390,0,0.35321963343205537,CLAIRMONTE AVENUE,0.2328378029815111
391,0,0.35105405136538254,HUBBELL AVENUE,1.1622463412343464
392,0,0.3506428932904145,ESSEX STREET,6.5053804204213055
393,0,0.3496921431237431,WYOMING STREET,2.053906574979036
394,0,0.347173933436353,WELLESLEY ROAD,0.5645167762807154
395,0,0.3467930296888908,SCOTTHOLM BOULEVARD,11.904333599234352
396,0,0.34443412103020893,MILES AVENUE,22.77242029200903
397,0,0.34380097349713157,CHAFFEE AVENUE,0
398,0,0.3434145969326961,MERRILL STREET,7.304119945717897
399,0,0.3432107165036372,MCLENNAN AVENUE,0.3526409079054415
400,0,0.3423415719562968,WEST BORDEN AVENUE,0.6520333514071485
401,0,0.3409299169447701,LYDELL STREET,0.30992243284970955
402,0,0.340265758150209,GRANT AVENUE,1.2208514944923576
403,0,0.3384879336648104,WEBSTER AVENUE,0.09728628523810892
404,0,0.33706787250855635,SUNSET AVENUE,2.698457685288912
405,0,0.3359433332975356,MERRITT AVENUE,0.46982648344856265
406,0,0.33503676194453935,BAKER AVENUE,0.6304228284972347
407,0,0.3332915881095701,CLEVELAND AVENUE,0.6488093702431259
408,0,0.3329145047796453,ELMHURST AVENUE,2.0958527520903147
409,0,0.33115519003500293,DAKIN STREET,1.4329610134013755
410,0,0.3293946138473032,SUMMIT AVENUE,0.6509277374252797
411,0,0.32900607583873714,RIGI AVENUE,1.0494152870923101
412,0,0.32881779766989316,MILBURN DRIVE,12.493960769883147
413,0,0.3285987816936186,CRAIG STREET,0.5965549130172071
414,0,0.328363552735396,HOMECROFT ROAD,0.7890355862388233
415,0,0.327918064526249,MAPLEHURST AVENUE,0.002590990338055275
416,0,0.32712807580239517,PAUL AVENUE,0.05232932982502204
417,0,0.32699454005207684,GARFIELD AVENUE,1.172385947790931
418,0,0.3252470835862633,WEST COLVIN STREET,0.27975171554082545
419,0,0.32452404227584647,GRACE STREET,0.2363244691818039
420,0,0.32059648469894686,GREENWOOD PLACE,10.632560344157573
421,0,0.32027295060484295,CHEMUNG STREET,1.9619602834347811
422,0,0.3201561266125386,LYNCH AVENUE,2.0142814733361756
423,0,0.3187384356499301,SHERWOOD AVENUE,0.40231446458180925
424,0,0.31690209066376074,ARNOLD AVENUE,1.550555698306791
425,0,0.31628762983399017,MASSENA STREET,22.6154423437404
426,0,0.3144510939509514,WARNER AVENUE,1.5930709101053928
427,0,0.3132461107757106,FOURTH NORTH STREET,3.044793954254549
428,0,0.3079273162424499,HARWOOD AVENUE,0.2550469944544116
429,0,0.30773959889475705,MILNOR AVENUE,0.08891141758881928
430,0,0.30748234618270254,DELRAY AVENUE,0.6321347006239976
431,0,0.3074344539075063,CLIFTON PLACE,0.22609668520872575
432,0,0.30703772110441996,RICHFIELD AVENUE,0.5397493995766623
433,0,0.3068863446628687,DEFOREST ROAD,9.575402122110663
434,0,0.30682305522108777,HILLVIEW AVENUE,6.241586583369686
435,0,0.3064604471365864,MARY STREET,0.8370650011389728
436,0,0.30614739570773103,AUSTIN AVENUE,0
437,0,0.3056685593607276,VINCENT STREET,3.1020207969190037
438,0,0.30234114524641115,CUMBERLAND AVENUE,0.11184217971087833
439,0,0.30137829308434644,HALL AVENUE,0
440,0,0.3011900476216141,HIER AVENUE,1.4169235541743155
441,0,0.30106617336120606,ROCK CUT ROAD,1.2709144743287537
442,0,0.3008973499236586,WEST TAYLOR STREET,2.568102235800366
443,0,0.30070138638922544,MAGNOLIA STREET,3.3260455065593955
444,0,0.2983387915889463,DALE STREET,10.399931677583867
445,0,0.2978336698090489,STERLING AVENUE,0.9584994716013708
446,0,0.29766723613035045,LILAC STREET,0.25788738151062296
447,0,0.2964452588252961,BROADVIEW DRIVE,8.656623826950604
448,0,0.29602735195196217,WINTON STREET,1.6488645727172098
449,0,0.2958517508962618,HARFORD ROAD,12.615370640006764
450,0,0.2932943753093462,BOYDEN STREET,1.2220888392198253
451,0,0.29253780152803555,DUDLEY STREET,18.149589484661565
452,0,0.29252622061252764,DAVIS STREET,6.105011631973673
453,0,0.29174864022305314,MITCHELL AVENUE,2.9637851274365454
454,0,0.2911905414944274,SCOTTHOLM BOULEVARD,17.934466439849363
455,0,0.290962921622132,BELLE AVENUE,0
456,0,0.29032136187081853,REMINGTON AVENUE,26.496454621601224
457,0,0.28937294123479046,BASSETT STREET,0.9173991278100031
458,0,0.2888624965563368,HUTCHINSON AVENUE,0.8706899401656791
459,0,0.2880945799057405,GRIFFITHS STREET,1.1932523252582248
460,0,0.2871595855314524,COLUMBUS AVENUE,0.7743073900577933
461,0,0.2839042299437399,SABINE STREET,12.160909723728324
462,0,0.28374302080661173,HOPE AVENUE,0.1127582029330801
463,0,0.28334182959923504,BASIN STREET,6.407867890610109
464,0,0.2828265374648441,HARDING STREET,0.19835651809184165
465,0,0.28255374882572515,GRAVES STREET,26.683433880500914
466,0,0.28246433415878575,CROUSE DR,0
467,0,0.2819226470595068,WINTHROP ROAD,0.3807528383258522
468,0,0.2819210278030614,WEST LAFAYETTE AVENUE,0.014694175117805418
469,0,0.28182828093472956,ROXBURY ROAD,3.6408193758683516
470,0,0.28063406766014193,BROOKLEA PLACE,25.435915059972267
471,0,0.2793552535802543,JENSEN AVENUE,4.112892041840364
472,0,0.27849570138680957,WEST JEFFERSON STREET,25.86661815328174
473,0,0.2769564227935345,HIGHRIDGE DRIVE,7.067575991823596
474,0,0.27673239524428456,WEST MATSON AVENUE,0
475,0,0.27434479798792305,SEWARD STREET,17.63896441339158
476,0,0.27427353374689045,CULBERT STREET,0
477,0,0.2736055062437642,CAMBRIDGE STREET,0.0003652944153669556
478,0,0.2731629502945543,DOROTHY STREET,0.11705317788870573
479,0,0.2731527264713712,HAZELHURST AVENUE,1.726101294496413
480,0,0.2729472388968914,PARKWAY DRIVE,0.856746597957588
481,0,0.27267958702342376,LIVINGSTON AVENUE,0.06622999215938298
482,0,0.2725808406487784,HOVEY STREET,8.704138941709617
483,0,0.2720485129386396,HATCH STREET,0.7788371119180593
484,0,0.2710246906620574,CONSERVATION PLACE,0
485,0,0.27091875174752794,WOODRUFF AVENUE,0.4869326159583421
486,0,0.2685196027983252,BALL AVENUE,3.270369340448836
487,0,0.26819391221280015,TIOGA STREET,1.1364061898453082
488,0,0.26804497873932226,MONTGOMERY STREET,7.036967172663145
489,0,0.266313735599788,DARLINGTON ROAD,0.8142213561927882
490,0,0.26557605587995753,LANDON AVENUE,0.8326605289237966
491,0,0.2653460314943245,EAST GLEN AVENUE,1.917059992286322
492,0,0.26524033443276684,CONIFER DRIVE,0.0018647333124512911
493,0,0.26414320678072983,CLYDE AVENUE,8.870048066314697
494,0,0.2641221312855347,EMERSON AVENUE,0.6546270484997431
495,0,0.2629294952357306,ARMSTRONG PLACE,0
496,0,0.2625865095716538,FORMAN AVENUE,15.019751501764125
497,0,0.2623875364533934,ARLINGTON AVENUE,0.8758331885388934
498,0,0.2620164436076319,HEADSON DRIVE,5.0618741608064814
499,0,0.2620126816741967,BRAMPTON ROAD,0.44578692753962096
500,0,0.2618624644186619,EAST KENNEDY STREET,0.5571975181849378
501,0,0.261838627360623,WEST CALTHROP AVENUE,0.018534798931710717
502,0,0.26150274731880213,MARTIN STREET,0.48182156893449685
503,0,0.2602353908837709,FARM ACRE ROAD,7.470256907007901
504,0,0.25979570534148133,MONTANA STREET,4.934731711819717
505,0,0.25948285203376015,NORTHCLIFFE ROAD,13.02144482914182
506,0,0.2590104115983012,HARDING PLACE,0.027942001509003587
507,0,0.2566590073886326,HASTINGS PLACE,0.16256280831034764
508,0,0.25608341283541464,SUMMIT AVENUE,0.7116077515982724
509,0,0.25604111605147767,PECK AVENUE,0.0003610584422723056
510,0,0.25599928282613255,WALTON STREET,2.9165702375145535
511,0,0.25586437606221135,HARVARD PLACE,2.2319360482242767
512,0,0.25537310694127796,STRONG AVENUE,0.2579077511437559
513,0,0.2530018062231025,EDNA ROAD,0.002153867354679526
514,0,0.2526005947385502,FERNDALE DRIVE,1.4582808593829175
515,0,0.2522685222822862,WALNUT PLACE,0.3585997513603034
516,0,0.2518114489907513,WEST DIVISION STREET,5.026171994887526
517,0,0.25151923008630556,BRADLEY STREET,1.1665669310885647
518,0,0.25150477625876133,PINE STREET,2.3365115973028567
519,0,0.25074210246273804,WALL STREET,0.5468044650058891
520,0,0.25031405988350963,FOREST AVENUE,1.5491963333806582
521,0,0.24994559014401152,LIME STREET,0.6824369975803576
522,0,0.249929670152088,GILBERT AVENUE,0.7915024327245979
523,0,0.24967190845038148,SALISBURY PARK DRIVE,0.8046880919470873
524,0,0.2493980205878851,STADIUM PLACE,0.17100904790467228
525,0,0.24934768575517055,NELSON STREET,0
526,0,0.24871690281371564,WHITWELL DRIVE,0.5911875078236799
527,0,0.24844471809612773,EAST WARRINGTON ROAD,0.11615278005090011
528,0,0.24817146161131037,SUNHILL TERRACE,0
529,0,0.24740032354367258,BERGER AVENUE,0.15031486402162272
530,0,0.24738699196273417,FILLMORE AVENUE,0.6096207140856712
531,0,0.24724356220122737,ENGLEWOOD AVENUE,0.7154816370066077
532,0,0.247035508989016,MARLBOROUGH ROAD,1.1313384389606433
533,0,0.2455488155213103,HATHERLY ROAD,11.608961951883252
534,0,0.2454671050583993,BRADFORD PARKWAY,21.775647868674625
535,0,0.24490719183020007,WESTMINSTER AVENUE,0.2982856336685473
536,0,0.24474868380047815,THAYER STREET,1.4705655774578739
537,0,0.2439725540282166,CANNON STREET,1.5829833103224065
538,0,0.24302055923037008,BERKELEY DRIVE,6.184041243433326
539,0,0.24294614202853654,MAINS AVENUE,2.5771138478526883
540,0,0.24226763203235435,FARMERS MARKET WAY,0.4730095978012468
541,0,0.24164431100102124,GORDON AVENUE,0.15063204715292997
542,0,0.24148324201946494,GRUMBACH AVENUE,0.5983142282757997
543,0,0.24086868681884793,MELBOURNE AVENUE,0.2760314344723952
544,0,0.24000253980946462,FIRST NORTH STREET,22.277548128157115
545,0,0.238891558161682,NORTH MCBRIDE STREET,0.7120118193301926
546,0,0.23758037509631982,CRADDOCK STREET,2.0620010869082654
547,0,0.23706202695844372,DAKOTA STREET,23.32460254332567
548,0,0.23612304904638035,HARRINGTON ROAD,1.7978424744973063
549,0,0.23473128964390244,DUKE DRIVE,0
550,0,0.23318790739236533,FINEVIEW PLACE,5.09241996035615
551,0,0.23274706548261384,ELK STREET,0.611495082060603
552,0,0.2324145616781626,MERTENS AVENUE,0.3251496391929228
553,0,0.23180957468510596,EMERSON AVENUE,0
554,0,0.23124527490922017,LEWIS STREET,2.1796633484664216
555,0,0.23043957807518833,RIDGEWAY AVENUE,0
556,0,0.23021436824494357,NIVEN STREET,0.2273562736751088
557,0,0.22863144509274294,PHARIS STREET,0.2376776909205899
558,0,0.22846777453281816,ASHWORTH PLACE,0.015445830175211981
559,0,0.22829078231610572,BOYDEN STREET,2.750461523915676
560,0,0.22784886782342595,HAMPTON ROAD,0.31329386394603215
561,0,0.22758386175952422,TAFT AVENUE,2.959959527059825
562,0,0.2267564151534245,POLK STREET,1.5550790432888442
563,0,0.22664031391751835,PEARL STREET,6.216072447933531
564,0,0.22569275351518608,WEYMOUTH ROAD,0.6346677956122124
565,0,0.2253312772043088,CEDAR STREET,0.20509848251338203
566,0,0.22531543266214127,NEWBURY HOLLOW LANE,0
567,0,0.2249676056949579,LINCOLN PARK DRIVE,8.81906322124095
568,0,0.22417136970207382,MARIPOSA STREET,0.24267487419091568
569,0,0.22303816061150608,MARGUERITE AVENUE,0.21370064523372473
570,0,0.2220645993911756,DORCHESTER AVENUE,0.29360577632633283
571,0,0.2217074195444086,VINE STREET,1.6742391450817693
572,0,0.22103486268409372,WOODSIDE DRIVE,0
573,0,0.22085907577260666,CLARENCE AVENUE,0.6269432358305466
574,0,0.22027852940711384,HANCOCK DRIVE,15.770286335970862
575,0,0.2197927069872071,PRIMROSE AVENUE,0.5941995956406715
576,0,0.21947459003182962,ANDERSON AVENUE,0
577,0,0.2191725786035413,KENMORE AVENUE,0
578,0,0.21900203692439094,MILFORD DRIVE WEST,10.170423525981327
579,0,0.2187396606136646,EDGEHILL ROAD,0
580,0,0.21850738258674082,KRAMER DRIVE,3.2126467373176957
581,0,0.21785210835958674,WOOD AVENUE,0
582,0,0.2169402716176498,HERRIMAN STREET,0.25849139058812864
583,0,0.215846753737056,COLLEGE PLACE,0.0004181521496531566
584,0,0.215610685704924,MILFORD DRIVE EAST,7.50354207550697
585,0,0.21553651871768603,EAST FLORENCE AVENUE,6.00919007808733
586,0,0.21539973018536981,KIMBER AVENUE,0.594174977975406
587,0,0.21518108713530815,MALVERNE DRIVE,0.03694180350345065
588,0,0.21510854596887427,ROBERT DRIVE,0.14442979909524695
589,0,0.21492740597020293,HARRIETTE AVENUE,1.457965476074014
590,0,0.21465265360716665,WASHINGTON SQUARE,1.8552324313695427
591,0,0.21401748367855916,PLUM STREET,18.172414368158712
592,0,0.21382178585824368,WIMAN AVENUE,0
593,0,0.21169423239744933,PARKSIDE AVENUE,0
594,0,0.21084070384421286,BERTRAM PLACE,1.035538834159889
595,0,0.21068968528127996,MOONEY AVENUE,0.2136460080208437
596,0,0.21058255328833267,WALRATH ROAD,3.311091438437752
597,0,0.21041099626700704,ROSEMONT DRIVE,0.417384190298579
598,0,0.21031118732424908,PACIFIC AVENUE,1.6504539998528567
599,0,0.2096387562219081,DAWES AVENUE,0.8438695381173046
600,0,0.20962315102920998,BURNET PARK DRIVE,13.12452125171249
601,0,0.2077454638883284,TEMPLE STREET,2.1493360004811914
602,0,0.20756632554600976,SENECA STREET,1.35937328791298
603,0,0.2070557850940349,ORLANDO AVENUE,1.3289310494165683
604,0,0.20658467180839582,SACKETT STREET,14.194473443715522
605,0,0.20632665670074288,CHURCHILL AVENUE,1.0106907298320131
606,0,0.20591360571299333,LOMA AVENUE,0.2680417981492757
607,0,0.20545371643561258,WEST GLEN AVENUE,0.5010387957737957
608,0,0.20516444262380348,THURLOW DRIVE,0
609,0,0.20515280973418495,APPLE STREET,0.12169274872333283
610,0,0.2045515481996356,SHERBOURNE ROAD,5.9854159114931
611,0,0.20438692327171837,WARHAM STREET,0.10109513134390324
612,0,0.20339929337436952,BARRETT STREET,2.052840249280712
613,0,0.20320924737543916,LISTMAN AVENUE,0.46301616220002667
614,0,0.20315619703980342,DOLL PARKWAY,0.7201845583558494
615,0,0.20188655810830194,EAST GENESEE STREET,8.71487139906086
616,0,0.2018062277431746,FITCH STREET,0.22817268411193692
617,0,0.20150769241846136,WEST CALTHROP AVENUE,0
618,0,0.20149344015795162,FORD AVENUE,0
619,0,0.2014862182600873,LOCKESLEY ROAD,3.813359907752272
620,0,0.20124323356719684,CARLTON DRIVE,14.743811674709729
621,0,0.2003068353626596,FISCOE AVENUE,0
622,0,0.2002928648390904,EAST CHAFFEE AVENUE,2.3717300273140296
623,0,0.20029099936619765,ONONDAGA LAKE PARKWAY,0.7324477645913887
624,0,0.19997570425512887,FAIRFIELD AVENUE,0.17846132425144923
625,0,0.19990724668375567,COMSTOCK ART,5.242209713701368
626,0,0.19975840550468488,KENSINGTON ROAD,4.979622164970371
627,0,0.199728689720605,BENEDICT AVENUE,0.15480797961957146
628,0,0.19953812320116823,ALTON STREET,3.0799375453075295
629,0,0.19870404955290083,BALL CIRCLE,0
630,0,0.1984845802831937,MCKINLEY AVENUE,1.0204778008107125
631,0,0.19807201568532526,NORTH WILBUR AVENUE,1.6490328004281274
632,0,0.19717481847336418,WILSON STREET,2.34250127917613
633,0,0.19650257775696797,DOLL PARKWAY,2.500974364081511
634,0,0.19594218983735498,COLBY AVENUE,0
635,0,0.1957832459580075,ROBINSON STREET,0.5607270190926362
636,0,0.19565779055318788,CLAIRE ROAD,0.02615937644505931
637,0,0.19503973818653614,COLUMBIA AVENUE,0.21593941567096198
638,0,0.19458821613694596,WAYNE STREET,0.9456075916120952
639,0,0.19446645112158406,CLARKE STREET,0.7230387944403626
640,0,0.19445124352944032,SHIRLEY DRIVE,0.532792612541346
641,0,0.19437120275530603,WEST FLORENCE AVENUE,0
642,0,0.1935914109901983,VINE STREET,4.5866973405508125
643,0,0.19355873596325818,HOLDEN STREET,0.9418264757371372
644,0,0.1935458806893598,SUNSTRUCK DRIVE,0.947620281359564
645,0,0.19330497248951298,ELDORADO STREET,0.6418606119305222
646,0,0.1930081226416347,ELSNER STREET,1.0056391399662414
647,0,0.1918171493990141,WEST COLVIN STREET,10.435941712993193
648,0,0.19179617608790384,LENNOX AVENUE,6.4949642053908585
649,0,0.1915571554184273,NORTH MCBRIDE STREET,10.038191164759532
650,0,0.19135750711764726,MARKLAND AVENUE,0.058735101466923664
651,0,0.19106193281166492,SOUTH CARBON STREET,0.7082069158968148
652,0,0.1909873202657147,STEUBEN STREET,0
653,0,0.1907634092427834,DUANE STREET,0.6762785186376877
654,0,0.19069329475206515,LAWRENCE STREET,0
655,0,0.18986462039003968,ROCKLAND AVENUE,0.09547205605243611
656,0,0.1896990461346447,ENGLERT AVENUE,0.05612525869662945
657,0,0.18962073748927777,EMPIRE AVENUE,0.029381644089817718
658,0,0.1875542941138413,BALDWIN AVENUE,0
659,0,0.18743587467221245,KINNE STREET,2.9427297970256054
660,0,0.18714662102437657,RUTH AVENUE,0
661,0,0.18597499753739802,HENRY STREET,0.8010931136014924
662,0,0.1854945197506945,GREENLAND DRIVE,0
663,0,0.18435404392832777,ARDEN DRIVE,1.1441018670337015
664,0,0.18396133683554938,EAST RAYNOR AVENUE,1.0964615862262628
665,0,0.18394784424159671,HERBERT STREET,1.7847195681109835
666,0,0.18303774044539464,SAINT LOUIS AVENUE,0.0014826007374761673
667,0,0.18251646428735188,NIAGARA STREET,0.633639651772126
668,0,0.18230861956129982,CROYDEN ROAD,2.6922733541471597
669,0,0.18125677155427516,LOMA AVENUE,0
670,0,0.18062447802529116,LYNN CIRCLE,0
671,0,0.17947646669412784,KING STREET,1.8898220680150901
672,0,0.17940572485299472,VALLEY VIEW DRIVE,0.0034248766678773774
673,0,0.1793602480123953,CEDAR RIDGE APARTMENTS,17.97649805545905
674,0,0.17927346971480157,WILLIS AVENUE,0.7323891781471281
675,0,0.17924832247371317,MAY AVENUE,0.6980195864904395
676,0,0.17891413117527616,RICHARD ROAD,0
677,0,0.17879549348009763,KNAUL STREET,0.35380915899912907
678,0,0.17824672994995022,SMALL ROAD,0
679,0,0.178177969682333,AMHERST AVENUE,0.3961808836772471
680,0,0.1779300843206872,MARTIN STREET,0
681,0,0.17741570519162986,CURTIS STREET,0.8852648470246622
682,0,0.17738397560448488,FERNWOOD AVENUE,0
683,0,0.17733275042065752,BURDICK AVENUE,0.6265175364371117
684,0,0.17723324354199566,NORMANOR DRIVE,0
685,0,0.176800324378645,SIXTH NORTH STREET,0.9375757946616239
686,0,0.17631109009366466,LAMBRETH LANE,8.469418092410814
687,0,0.1761668282132114,LEON STREET,0
688,0,0.1760991568526246,HIGHLAND STREET,4.082978389946911
689,0,0.17601656291202142,STATE FAIR BOULEVARD,0
690,0,0.17597069488438638,WILLUMAE DRIVE,1.2932298227912455
691,0,0.17592443194371432,SMITH ROAD,1.0932297827063753
692,0,0.1758551409421909,CALEB AVENUE,0.954879056503883
693,0,0.17532881990733123,FAGE AVENUE,0
694,0,0.17509471127266601,FAIRVIEW AVENUE,0
695,0,0.1748224745889977,BANK ALLEY,0.6491093246852125
696,0,0.17461295175640695,SHIRLEY ROAD,0
697,0,0.17429591656313287,EAST BRIGHTON AVENUE,20.934724162485868
698,0,0.17418239038523556,XAVIER CIRCLE,8.677589644316695
699,0,0.17377908807481648,ELLIOTT STREET,0.23115850654073902
700,0,0.17321804786603553,CRIPPEN AVENUE,0.46615084365385995
701,0,0.17302160700225622,FERRIS AVENUE,0.02790427372788649
702,0,0.17279458272128873,MALVERNE DRIVE,0
703,0,0.17253165354186212,CHERRY STREET,2.142364855709504
704,0,0.1722923063705106,OVERLOOK DRIVE,0.6312010358365181
705,0,0.17204838342610748,BEVERLY ROAD,0
706,0,0.17169956170471268,CHATHAM ROAD,0
707,0,0.17128244936689127,WEST LYNHURST AVENUE,0
708,0,0.17117234131350303,CANDEE AVENUE,0.7593488903612381
709,0,0.1705094806150176,MAYWOOD DRIVE,0
710,0,0.17008898265584999,BRIGGS STREET,0
711,0,0.17007164531268734,MERRELL ROAD,1.25971510413718
712,0,0.1695062210619424,HADDON ROAD,12.306080682315056
713,0,0.1692723520858429,BERKSHIRE AVENUE,0
714,0,0.16870061117581672,ONTARIO STREET,7.336228631018345
715,0,0.1684221797551537,COOK AVENUE,0.5396160818652526
716,0,0.16837891480051373,BERWYN AVENUE,0
717,0,0.1682042244006648,HAROLD STREET,0.00408499793998255
718,0,0.16766695295919096,MEADOWBROOK DRIVE,0.09333781290855847
719,0,0.16752589547777264,MADISON STREET,1.5038201873784238
720,0,0.16724296925273968,GIRARD AVENUE,1.0973078120710151
721,0,0.16702818568968347,KENWOOD AVENUE,0
722,0,0.16692139684607346,ARCHER ROAD,0
723,0,0.16534614609476825,CULVER DRIVE,0.7932952705857903
724,0,0.16482849671931182,FORDHAM ROAD,0.7973834493935693
725,0,0.16469343767421055,MELROSE AVENUE,1.2535298526942082
726,0,0.16396089970958305,GRAY AVENUE,0.2480425755578678
727,0,0.163873947898906,WENTE TERRACE,2.6301662857295205
728,0,0.1634388280331412,HAMPSHIRE ROAD,0.5279226317679565
729,0,0.16319254827636254,CHENEY STREET,0.17483432504990382
730,0,0.16286920786989528,EDISON STREET,0
731,0,0.1626216787257262,SOUTH LOWELL AVENUE,0.18286806939234818
732,0,0.16200678928934886,SEDGWICK DRIVE,0.7879267777465625
733,0,0.16193338460226206,DIDAMA STREET,0
734,0,0.16175722966324257,RANDOLPH STREET,0.9626872559872577
735,0,0.16140490222858936,SIXTH NORTH STREET,0.18753274625257635
736,0,0.16136993309500183,ONONDAGA TERRACE,0
737,0,0.16087253032763427,ALDEN STREET,0
738,0,0.1605024001015497,LYNCH STREET,1.5154556259950274
739,0,0.15979781250474548,RUGBY ROAD,2.119261086240149
740,0,0.15974258381038098,WOODRUFF AVENUE,0
741,0,0.1597249718372454,MAYAR STREET,0
742,0,0.15936146285450165,UNIVERSITY PLACE,0.8780989012832456
743,0,0.15894221181189,DICKERSON STREET,1.7588177477068472
744,0,0.1586296891245728,SHOECRAFT ROAD,0.00015220894967387115
745,0,0.15790758514488443,RUSKIN AVENUE,0
746,0,0.15765544746499288,MAPLE TERRACE,0
747,0,0.15764213885197334,MALTBIE STREET,2.322338320788546
748,0,0.1572241377489658,CENTENNIAL DRIVE,0
749,0,0.15636788307223962,DELONG AVENUE,0
750,0,0.15604270491956188,BISHOP AVENUE,0
751,0,0.15561519816022404,RESTORATION WAY,11.908874512200088
752,0,0.155544991000794,UNION AVENUE,1.8552851905275844
753,0,0.155011319859296,NEW STREET,3.960645310462874
754,0,0.15500800893194705,KENWOOD AVENUE,0.049333094286058254
755,0,0.15494800502051015,RANDALL AVENUE,0
756,0,0.15473952711182534,LAFORTE AVENUE,0.16012876552629415
757,0,0.1543786890036871,LAMSON STREET,1.0866544976365384
758,0,0.1542744288484742,EUREKA STREET,0.4042840463814394
759,0,0.1542057642977605,ALBERT ROAD,0.22965669872460312
760,0,0.15296594093968857,ISABELLA STREET,1.236180207369315
761,0,0.15281177517509523,CONKLIN AVENUE,1.0740832902271416
762,0,0.15274536656209411,HOBART AVENUE,0
763,0,0.15254793290807267,HAZELWOOD AVENUE,0
764,0,0.15232664888040928,BROOKLEA DRIVE,2.377443406302949
765,0,0.1520448495775237,SWEETING STREET,0.8667958971619574
766,0,0.1516947497290289,MUNSON DRIVE,0
767,0,0.15143328881519522,ALBERT ROAD,0
768,0,0.15128664565727942,ANDOVER ROAD,1.2667146896598838
769,0,0.15115737168299065,WOLCOTT TERRACE,0
770,0,0.1511414471780725,CRATON STREET,0.9808321632224121
771,0,0.1507060009951014,GORLAND AVENUE,1.6098967298398206
772,0,0.1503488106937096,WOODLAWN TERRACE,0.005202181338821925
773,0,0.1503042020869482,CORTLAND PLACE,0
774,0,0.14983769205431505,ELIZABETH STREET,0.7012513313938418
775,0,0.14979284769162768,CHESTER STREET,0
776,0,0.14951580186169164,ANNETTA STREET,0
777,0,0.14938589120500054,SEELEY AVENUE,0
778,0,0.14916353551732503,SWANSEA DRIVE,3.2443569063731963
779,0,0.148973162511017,PROSPECT AVENUE,1.0740697533181196
780,0,0.14812461891611672,HUNTLEY STREET,0.019583412369048814
781,0,0.1470359674469652,CARLTON DRIVE,1.535481027666637
782,0,0.14680603592462754,BRIGGS STREET,0.32155297908320196
783,0,0.1466344490274003,EDTIM ROAD,0
784,0,0.1465730640195941,SCHILLER AVENUE,0
785,0,0.14621502212136006,BERKSHIRE AVENUE,0.04375069900173501
786,0,0.1460208872226844,CADWELL STREET,0.8374439065606345
787,0,0.1458791774704782,REDFIELD PLACE,0
788,0,0.14584882527016096,ONONDAGA PARK DRIVE EAST,2.9984444289157026
789,0,0.14555096154743155,JANET DRIVE,3.4464619204727107
790,0,0.1454763374941052,ROSS PARK,0
791,0,0.14523716384771324,RAMSEY AVENUE,3.140634961905894
792,0,0.14504315316218813,LAMSON STREET,0
793,0,0.14492517709976355,HOWARD STREET,0.6566425895464586
794,0,0.144813619073413,RENWICK AVENUE,0.6508699273149059
795,0,0.1447524352977148,WHITE STREET,0
796,0,0.14467785616453296,GAME ROAD,0
797,0,0.1445514069973325,NEUTRAL COURT,0
798,0,0.14455113957472668,INTREPID LANE,7.5883153176268285
799,0,0.14445755903354657,ERIE BOULEVARD EAST,0.11642662075139841
800,0,0.14356137717795772,WEST WARRINGTON ROAD,0.4863151954429447
801,0,0.14320833782598744,ELLIOTT STREET,0
802,0,0.14312320565220016,LUDDINGTON STREET,0.7424614194145877
803,0,0.14302644275127818,MCALLISTER AVENUE,0.03709964816004431
804,0,0.14284020470657066,LEMOYNE AVENUE,6.367831002264204
805,0,0.14118612525225505,MARVIN ROAD,0
806,0,0.14108137349855948,FEIGEL AVENUE,0
807,0,0.13961774120838416,HENSBERRY ROAD,0
808,0,0.13935666688156867,HUNTLEY STREET,0
809,0,0.13912301534954308,WOODLAND AVENUE,0.5581882413587416
810,0,0.1390883456503576,JACLYN DRIVE,0
811,0,0.13888877199831176,OAKLAND STREET,0
812,0,0.13872426220875586,ATKINSON AVENUE,0
813,0,0.13870303365453157,CUMBERLAND PLACE,0.4380815035223966
814,0,0.13862653371043046,FAIRDALE AVENUE,0.5121909370926406
815,0,0.138439097887515,SPAID AVENUE,1.2921006295066044
816,0,0.13833908227462624,AMY STREET,0
817,0,0.13812579875344147,BRADFORD LANE,0
818,0,0.13801599045378493,VICTORIA PLACE,0
819,0,0.13799852658081943,MARGINAL STREET,8.71381498296082
820,0,0.13764758015291237,NIAGARA STREET,0.14708353829743565
821,0,0.13696215208218657,SAINT MARKS AVENUE,1.9189730921240788
822,0,0.1369058698632111,BURDICK AVENUE,0
823,0,0.13589273116812908,FENTON STREET,1.151188809468237
824,0,0.13580004108296143,FAYETTE BOULEVARD,23.087075909774168
825,0,0.13556628664563763,SHERMAN STREET,2.2454696977270427
826,0,0.13540318783235533,WEST MARCELLUS STREET,24.247441731241565
827,0,0.13515609081196522,HODES WAY,24.484463413988472
828,0,0.13488248871411732,AVON ROAD,0
829,0,0.13446807971121547,LYNWOOD AVENUE,0
830,0,0.1340698092930301,OSTRAM AVENUE,0
831,0,0.133812631022027,STANDART STREET,0.8039568367508273
832,0,0.1337271545600065,PETERS STREET,0
833,0,0.1333031748729751,JOSEPHINE STREET,0
834,0,0.1330524768226087,HILTON ROAD,3.6034192008190944
835,0,0.13303706183315,SUNNYSIDE ROAD,6.773188799133898
836,0,0.13296389742015685,MYRTLE STREET,0.7958498710554952
837,0,0.13284050812001527,CHAMPLIN DRIVE,5.585523782672906
838,0,0.13182746337935877,BYRNE PLACE,0.948224782246379
839,0,0.13177328004177855,WORDEN AVENUE,0
840,0,0.13172358328484055,HAWLEY AVENUE,0
841,0,0.13168081766177508,ARNTS PLACE,0
842,0,0.13158825226119286,MURRAY AVENUE,0
843,0,0.1313665434342155,DELHI STREET,0.17457900268004967
844,0,0.13060245353314826,ABERDEEN TERRACE,0
845,0,0.13056360735073683,SUNNYSIDE PARK ROAD,0
846,0,0.13053202470891706,WEST WILLOW STREET,0.722327580470548
847,0,0.1304405267154238,SLAYTON AVENUE,0
848,0,0.13002635629212492,CHAMPLIN DRIVE,1.1415098420564682
849,0,0.1297260107710413,EAST ONONDAGA STREET,0
850,0,0.12956691114301638,EASTWOOD ROAD,5.757241289451892
851,0,0.1292119687405383,LUDDINGTON STREET,0
852,0,0.12910748546008624,RILL AVENUE,0.26655405215049865
853,0,0.12893285190126647,ERICKSON STREET,0
854,0,0.12839546264950566,BLAINE STREET,0
855,0,0.1283940808920781,SKYTOP ROAD,3.405238183840815
856,0,0.1278972755496878,UPLAND ROAD,0
857,0,0.1275870113434879,KIDD AVENUE,0
858,0,0.12755212728775023,DUNDEE DRIVE,0
859,0,0.127240501227768,ERICKSON STREET,3.9011040874683913
860,0,0.1268238559761324,KAPPESSER STREET,0
861,0,0.12672560324017132,BUNGALOW TERRACE,0
862,0,0.12599746773096687,KLINE STREET,0.2786049589763737
863,0,0.12552452126575928,ARGYLE TERRACE,0.17222459245863705
864,0,0.12504407277393542,LIBERTY STREET,0.18067603878876579
865,0,0.12492212337147991,SEDGWICK ROAD,0.07380280793196153
866,0,0.12486475421108577,WINTON STREET,0.37482443005160043
867,0,0.12482111939458239,HAWTHORNE STREET,0.9591142908812763
868,0,0.12467464132369309,ALEXANDER AVENUE,0
869,0,0.12463115420995416,ACADEMY STREET,1.4102841704641886
870,0,0.12461774016569671,JEROME STREET,0.019134838990204368
871,0,0.12459827443078147,FIRST NORTH STREET,11.998713357674463
872,0,0.12382324120838373,GEORGE STREET,0.511742638095233
873,0,0.1237879222073011,HURON STREET,0
874,0,0.12336116312021801,DRISCOLL AVENUE,1.2748139844256934
875,0,0.12322906131961349,LINDEN STREET,1.434431484941832
876,0,0.12319248392744551,CONCORD PLACE,29.82106933246776
877,0,0.12302838530696635,DIANA AVENUE,0
878,0,0.12270225316705499,CHERRY STREET,0
879,0,0.12267079736180425,BROAD STREET,5.067080770256942
880,0,0.12218906828254232,BISHOP AVENUE,0.5004715629480705
881,0,0.12167956257341747,VAN BUREN STREET,1.0995088190906068
882,0,0.12164605901722249,WEST BEARD AVENUE,2.3374280877479334
883,0,0.12155075550992905,BELLEVUE TERRACE,0
884,0,0.1209043534958631,CORNELL AVENUE,0
885,0,0.12061269757796507,KEEN PLACE,0
886,0,0.11984110899159703,EVANS STREET,0
887,0,0.11958113178204736,BARKER AVENUE,0.46150570020980664
888,0,0.11932017343954994,CALVIN ROAD,4.28699752303817
889,0,0.11927554330121619,EVALEEN AVENUE,0
890,0,0.11920563015407752,SCHNEIDER STREET,0
891,0,0.11905026119453314,DEPALMA AVENUE,0
892,0,0.11841715797708981,EAST BORDEN AVENUE,1.6123776088046384
893,0,0.11835971063882497,REMINGTON AVENUE,0
894,0,0.11834386720749582,MAURICE AVENUE,0
895,0,0.11822322802844157,SOMERSET ROAD,0
896,0,0.11801243438607227,SLOCUM DRIVE,0
897,0,0.11782115386638022,WINDSOR PLACE,0
898,0,0.1175435818103676,MEDORA PLACE,0.0030001822169420825
899,0,0.11741897384952567,CRAWFORD AVENUE,0
900,0,0.11651077898730741,MINERVA STREET,0
901,0,0.11648660965901249,HOLMES STREET,0.17262491109082787
902,0,0.1161039890186639,SHARON DRIVE,0
903,0,0.11589505253780648,VINE STREET,1.9434932091467434
904,0,0.11571586840217256,FOXBORO ROAD,0.47457788924363775
905,0,0.11536892527356679,CITY CROSSROADS DRIVE,0
906,0,0.1152278797276207,HARBOR STREET,0
907,0,0.11506058465036113,VIEAU DRIVE,0.07999018227599614
908,0,0.11448630189553884,SLOCUM DRIVE,0
909,0,0.11416104873803662,SCHOOL STREET,6.49543133764202
910,0,0.11356389469305134,OLIVE STREET,0
911,0,0.11321810698716991,MILTON AVENUE SPUR,0
912,0,0.11291380082250894,WELLINGTON PLACE,0
913,0,0.11264202178213885,EAST COLVIN STREET,3.2861801966519097
914,0,0.11245888535683332,RICHARDSON AVENUE,0
915,0,0.112457806789814,LAMBRETH LANE,0
916,0,0.11225068251468169,DEVINE STREET,3.7459466687335774
917,0,0.11218772730954826,MONROE STREET,0.14940504096029952
918,0,0.11206977078545421,SIDNEY STREET,0.02518821768275558
919,0,0.11201107752495211,HASBROUCK STREET,0
920,0,0.11187228497558835,AVONDALE PLACE,0
921,0,0.11173228996165427,ARNETT AVENUE,1.6589051994494424
922,0,0.11165616782523874,HERTFORD STREET,0.8767566823676242
923,0,0.11115306705356393,ALANSON ROAD,0
924,0,0.11089194484598609,STRAND PLACE,0
925,0,0.1104020024797567,FOUNTAIN STREET,0
926,0,0.11031180071625898,MORTON STREET,1.0864266324168315
927,0,0.11027884363777285,GIMINSKI DRIVE,0
928,0,0.11025953093229557,RIVOLI AVENUE,0.4775056482417581
929,0,0.10990682866512717,EAST ONONDAGA STREET,0
930,0,0.10981571263389074,WILLIAMS STREET,2.3490837876859683
931,0,0.109810717303947,MICHAELS AVENUE,0
932,0,0.10975896385931826,OAKDALE DRIVE,0
933,0,0.10940285028273651,MAXWELL AVENUE,0
934,0,0.10920910868448457,BRADFORD STREET,0
935,0,0.10918986198966663,STEVENS AVENUE,0.17396072249011946
936,0,0.10891793625611079,ETHEL STREET,0.07306285447114233
937,0,0.10887410925279123,SARAH LOGUEN STREET,0
938,0,0.10852992281209427,CRAFTON AVENUE,5.365768905282661
939,0,0.1082443340452003,STRATHMORE DRIVE,27.93924886395745
940,0,0.10789210638358852,CONCORD PLACE,0.9771956691385123
941,0,0.10778872691449425,UNION PLACE,1.3846999041458452
942,0,0.10773471301575414,ELIZABETH BLACKWELL STREET,0
943,0,0.1076274391090368,RONEY ROAD,0
944,0,0.10750315792042979,DEARBORN PLACE,0
945,0,0.10738543695801933,ABERDEEN TERRACE,0
946,0,0.10718005767625943,CHARLOTTE STREET,0
947,0,0.10615994604629617,MARK AVENUE,1.0043512083990993
948,0,0.1057653817749705,XAVIER CIRCLE,0
949,0,0.1056549081761933,HAFFENDEN ROAD,0.7567601826214719
950,0,0.1055970319838372,HARRISON PLACE,0
951,0,0.10466119209010331,VINCENT STREET,16.53425225417113
952,0,0.10463598288758019,BEARD PLACE,0
953,0,0.10421151813141466,SCHOECK AVENUE,0
954,0,0.10417759483460892,WINDEMERE ROAD,0.5238466591900979
955,0,0.10401784319321213,MCCLURE AVENUE,0
956,0,0.10401471865802478,SATURN DRIVE,0
957,0,0.10392851871039271,BUTLER STREET,0
958,0,0.10300894542376662,MARIS DRIVE,0
959,0,0.10284820466432706,EAST BORDEN AVENUE,0
960,0,0.10192922626635749,TRINITY PLACE,0
961,0,0.10129609740815415,MONROE STREET,0.3571388032271773
962,0,0.10118019988985086,ARBOR LANE,0
963,0,0.10114770623325695,ELLIOTT STREET,0
964,0,0.10110559853448478,WELDON AVENUE,0.016462360290673488
965,0,0.10095705154270064,BRACE STREET,0
966,0,0.10057146317954907,MARLETT STREET,0.9483338524061306
967,0,0.1000587976296879,DILLAYE AVENUE,0.12712972980608314
968,0,0.09978932233658255,GLAHN AVENUE,0
969,0,0.09942354298140185,EAST GLEN AVENUE,27.834198863269904
970,0,0.09919975691967042,CRESCENT AVENUE,0.09844120602295608
971,0,0.09914790585730088,CADILLAC STREET,0.3212717103406273
972,0,0.0988233689110745,HIXSON AVENUE,0
973,0,0.09882309547380017,GRIFFIN STREET,0
974,0,0.09880877927897494,MINEOLA DRIVE,0
975,0,0.09868173375413637,MARQUETTE STREET,0
976,0,0.09860098127444843,LEAVENWORTH AVENUE,0.47954166238831664
977,0,0.09858155452570601,KIRKWOOD PLACE,0
978,0,0.0982646437048442,EMERSON AVENUE,0
979,0,0.0981288017405931,TOWNSEND PLACE,0
980,0,0.09794987283748834,GEBHARDT AVENUE,0
981,0,0.09786546384240577,LOCK ALLEY,0
982,0,0.09742548767943217,PIERCE STREET,0
983,0,0.09738882991768585,CONAN STREET,0.4079350368600104
984,0,0.09701133584131663,CLOVER STREET,0
985,0,0.0967801983313502,ARSENAL DRIVE,0
986,0,0.09634556614956656,CONSERVATION PLACE,24.76679953609863
987,0,0.09624749923778438,LEA LANE,0
988,0,0.09616230211446262,PHILLIPS ROAD,0
989,0,0.09603019501361848,SCOTTHOLM BOULEVARD,11.745311996863402
990,0,0.09590026397556731,SHELDON AVENUE,0
991,0,0.09588504761169758,OXFORD STREET,0
992,0,0.09565311973048239,GANNETT AVENUE,0
993,0,0.09543021039306765,SAINT ANNE DRIVE,0.5129064943021552
994,0,0.09542356140910589,TEMPLE PLACE,0
995,0,0.09538198176788129,HERZ STREET,0
996,0,0.09535726766492074,CORDOVA STREET,0
997,0,0.09488199097698609,BOISE DRIVE,7.79940117567415
998,0,0.09485762988789281,EAST CATHROP AVENUE,23.30779114035109
999,0,0.09474806588861993,CODY AVENUE,0
1000,0,0.09465360217520187,OLD LIVERPOOL ROAD,1.022933350899484
1001,0,0.09440455343477523,AMES AVENUE,1.0369681281402998
1002,0,0.09439972011568908,COURT TERRACE,0
1003,0,0.09431215253179936,SALT STREET,0
1004,0,0.09411819408233861,AVOCA STREET,0
1005,0,0.09385158573921273,HILLSBORO PLACE,9.386265215866379
1006,0,0.09299722889493549,STEDMAN STREET,0
1007,0,0.09296166093029812,GRANGER STREET,0.7610913410503141
1008,0,0.09280637432986703,HILLCREST ROAD,0
1009,0,0.09276751230147609,MARLBOROUGH ROAD,0
1010,0,0.09267114955376707,MCCORMICK AVENUE,0.8679983447561147
1011,0,0.09252497554943297,ROSE AVENUE,0
1012,0,0.09242292081022659,MANILLA STREET,0
1013,0,0.09232370668378022,GILBERT STREET,0
1014,0,0.09190295857371915,MCCARTHY AVENUE,2.3443083369770483
1015,0,0.09169769821282527,MOUNTAINVIEW AVENUE,0
1016,0,0.09162029077243815,POND LANE,0
1017,0,0.0915286965981108,EXCHANGE STREET,0
1018,0,0.09094433093075559,CARLISLE STREET,0
1019,0,0.09075907821121924,PASTIME DRIVE,0
1020,0,0.09066825822337997,PENNSYLVANIA AVENUE,0
1021,0,0.09059150338101858,COMSTOCK PLACE,0
1022,0,0.09043207099844794,KILLIAN DRIVE,4.947577296755996
1023,0,0.09039141594986447,EAST RAYNOR AVENUE,0
1024,0,0.09033492560605028,CUMMINGS AVENUE,0
1025,0,0.08988606582515318,RUSSELL PLACE,0
1026,0,0.0898554443733367,OAK LEAF DRIVE,0
1027,0,0.08964036093578358,MALCOLM STREET,0
1028,0,0.08959062426584652,DELL STREET,1.6687866290888789
1029,0,0.0895051727175049,FLETCHER AVENUE,0
1030,0,0.0892937126310807,FORDLAND AVENUE,0.5086599012397363
1031,0,0.08916721399678619,JUDSON STREET,0
1032,0,0.08908329002707147,OBERST STREET,0
1033,0,0.08901901074592955,COWIE AVENUE,0.3640074440344859
1034,0,0.08829355991491922,CRADDOCK STREET,7.543540574890194
1035,0,0.08821921153686897,WEST MARCELLUS STREET,0
1036,0,0.08777649267037722,RONEY LANE,15.897151893427308
1037,0,0.08747475207151394,EAST CATHROP AVENUE,3.0156705714508556
1038,0,0.08744093938041293,HARRISON STREET,0
1039,0,0.08739724860783406,RAYMOND AVENUE,0
1040,0,0.08707979074113098,GENESEE PARK DRIVE,0.073487036902621
1041,0,0.08705328153618627,EMERSON AVENUE,0
1042,0,0.0870416285461275,MORGAN AVENUE,0
1043,0,0.0870119403267821,HIAWATHA PLACE,0.0006309884009316867
1044,0,0.08618397449240962,WARNER AVENUE,0
1045,0,0.08551907232307264,CLAYTON AVENUE,0
1046,0,0.08526214827736842,BECKER STREET,0
1047,0,0.0852223327719738,HIGH STREET,0
1048,0,0.08508663463450747,FISH AVENUE,0
1049,0,0.08505433084324256,EMERSON AVENUE,3.6864512358067527
1050,0,0.08492204060231412,DEWEY AVENUE,0
1051,0,0.08357455021462092,KIRKPATRICK STREET,0
1052,0,0.08294351199264101,PINE GROVE STREET,0
1053,0,0.08154960772544924,MATTY AVENUE,0.11524248188432458
1054,0,0.08104876696694946,CREHANGE STREET,0
1055,0,0.08096384303773711,OTTO STREET,0
1056,0,0.08090527651325469,WAITE AVENUE,0
1057,0,0.08060216457185178,PERSHING AVENUE,0.12025747241805321
1058,0,0.07985290279311127,EAST GENESEE PARKWAY,0
1059,0,0.07971390524373086,BARRINGTON ROAD,0
1060,0,0.0792937730267189,BLOSSOM ROAD,0
1061,0,0.07914725306484066,BURLINGAME ROAD,0
1062,0,0.07886912591080351,MERZ AVENUE,0
1063,0,0.07856968855376446,STONERIDGE DRIVE,0
1064,0,0.07814522282115763,HENDERSON STREET,0
1065,0,0.07814102091115832,HILLTOP ROAD,0
1066,0,0.07797923959896709,ELOISE TERRACE,0
1067,0,0.07771694961931562,EAST OSTRANDER AVENUE,0
1068,0,0.07673968636858003,WEISER COURT,0
1069,0,0.07668912580083714,WEST JEFFERSON STREET,26.7789777074653
1070,0,0.07663869839894914,ARDMORE PLACE,0.3604630032279691
1071,0,0.07652399418603605,NURSERY LANE,13.592496889649873
1072,0,0.0759649962108147,LOEHR AVENUE,0
1073,0,0.07571337847905098,STEVENS PLACE,0
1074,0,0.07537939255335886,MILTON AVENUE,0
1075,0,0.07535589212673134,TYLER COURT,0
1076,0,0.07522076995668965,MACDOUGALL PLACE,0
1077,0,0.07493537372850534,IVES AVENUE,9.996618843469026
1078,0,0.07492906316370608,KANDACE STREET,0
1079,0,0.07477215889635472,BELLSHIRE LANE,0
1080,0,0.07441322712671843,GARFIELD AVENUE,0
1081,0,0.07425454365874362,GERE AVENUE,0
1082,0,0.0741218635118827,ALMOND STREET,27.155454353051837
1083,0,0.0740551605553752,SHERIDAN PLACE,0
1084,0,0.07396047453749319,UNION PLACE,1.2756052023689366
1085,0,0.0739443675338606,WASHINGTON SQUARE,0.922587536946889
1086,0,0.0736646000046244,GROVE STREET,0
1087,0,0.07356843963452356,SLOCUM DRIVE,1.6283270049808625
1088,0,0.07353173063319002,GRANDVIEW AVENUE,0
1089,0,0.07339703356093545,MONROE STREET,0
1090,0,0.07338919097811698,EUCLID TERRACE,23.149827693967325
1091,0,0.07334060463349555,STRATHMORE DRIVE,0
1092,0,0.07330119227578624,NORMAN AVENUE,0
1093,0,0.07300200602432208,STOLP AVENUE,0
1094,0,0.0721819200983715,BRISTOL PLACE,0
1095,0,0.07209292952213979,UNIVERSITY PLACE,0
1096,0,0.07204687203053305,BEACON ROAD,0.5515697953050115
1097,0,0.0719907070449582,AMIDON DRIVE,0
1098,0,0.0718175973564098,HADDON ROAD,5.12974510676478
1099,0,0.0715344374244005,CENTENNIAL DRIVE,0
1100,0,0.07111841707761343,WILMORE PLACE,0.001805219732606749
1101,0,0.07088931634121085,NORTON AVENUE,1.5947972534595691
1102,0,0.07087133811464602,HARTLEY STREET,0
1103,0,0.07080857990004692,WALTER DRIVE,0
1104,0,0.0707893920231329,ACORN PATH,0
1105,0,0.07012774568355008,GARY AVENUE,0
1106,0,0.06988845274362675,BROOKFORD ROAD,0
1107,0,0.06966282160506017,JAMES HEATH ROAD,0
1108,0,0.06965146964877013,BROOKFORD ROAD,0
1109,0,0.06938955034939598,STEWART COURT,0
1110,0,0.06933191768121988,ROSEWOOD STREET,1.493785222889517
1111,0,0.06925743800100313,WALLACE STREET,6.243592052117123
1112,0,0.069154835696797,MONTGOMERY STREET,0
1113,0,0.06890693710386203,LAMBRETH LANE,10.86060774883079
1114,0,0.06853689590688726,CHAVEZ TERRACE,0
1115,0,0.06837048466237157,MARJORIE STREET,0
1116,0,0.06801511306884934,PARK AVENUE,0
1117,0,0.06780275195009439,BRONSON STREET,0
1118,0,0.06770737823999864,STACY PLACE,0
1119,0,0.06755761124120975,WEST DIVISION STREET,0
1120,0,0.06733687564113047,CHATHAM PLACE,0
1121,0,0.0671135646741606,EDGEWOOD DRIVE,2.8380854284242294
1122,0,0.06695688566449214,STINARD AVENUE,0
1123,0,0.06693655501386593,LATIMER TERRACE,0
1124,0,0.06687391159553056,DOUGALL AVENUE,0
1125,0,0.06676450220716139,BURLINGAME ROAD,0
1126,0,0.06660380799162148,KINCAID AVENUE,0
1127,0,0.06645976858444168,OLD LIVERPOOL ROAD,0
1128,0,0.06603693058717967,VILLAGE DRIVE EXTENSION,0
1129,0,0.06598901630788222,TEMPLE STREET,0
1130,0,0.06564328965101797,BROWN STREET,0
1131,0,0.06541635492008288,GRANGER STREET,0.33319891967324067
1132,0,0.06534129477852127,JOHN STREET,0
1133,0,0.06533937732750424,EASTMAN AVENUE,0
1134,0,0.06519196742269567,COYKENDALL AVENUE,0
1135,0,0.064992813823798,MOUNT OLYMPUS DRIVE,0
1136,0,0.06497756280919273,EAST BRIGHTON AVENUE AVENUE NORTHBOUND,0
1137,0,0.06450745544952258,GRASSMAN AVENUE,0
1138,0,0.06408486795345514,THIRD AVENUE,0
1139,0,0.063944953806989,OAK PLACE,0
1140,0,0.06381790348601246,MARKET STREET,3.072575866276705
1141,0,0.06373248312524835,MEADOWBROOK DRIVE,0
1142,0,0.06371130017086102,MEADOWBROOK DRIVE,0
1143,0,0.06356685660449035,CLIFFSIDE DRIVE,0
1144,0,0.06356217362191492,CARLTON DRIVE,0
1145,0,0.06338008728799538,BURTEN STREET,0
1146,0,0.06323717483460166,DAISY STREET,0
1147,0,0.06308853728274788,ROCKFORD DRIVE,0
1148,0,0.06291387387137115,CRESTVIEW DRIVE,0
1149,0,0.06236393437843976,ANGELOU TERRACE,0
1150,0,0.06201266900553309,PLEASANTVIEW AVENUE,0
1151,0,0.06150987416424006,PARRISH LANE,0
1152,0,0.0614414374337375,EASTVIEW AVENUE,0
1153,0,0.0612438629713383,FLORAL PARKWAY,0
1154,0,0.06084805669699319,CROTON TERRACE,0
1155,0,0.060537008886926334,FLETCHER AVENUE,0
1156,0,0.06007534609406598,SAILE STREET,0
1157,0,0.06000726940092967,COLDBROOK DRIVE,0
1158,0,0.05990940412930342,WEST WATER STREET,0
1159,0,0.059892944184052936,EAST DIVISION STREET,17.698158440498283
1160,0,0.059818890538542016,COMMONWEALTH AVENUE,0
1161,0,0.05967700987271638,TULLY STREET,0.0015011936279231684
1162,0,0.05966187589313257,COSSITT STREET,0
1163,0,0.05933335980900403,EAST GENESEE STREET,2.135978305806278
1164,0,0.05870329236774108,OAK LEAF DRIVE,0
1165,0,0.05851243992081434,LACY PLACE,0
1166,0,0.057704228131197084,DUPLI PARK DRIVE,0
1167,0,0.0576266882623161,LANCASTER PLACE,0
1168,0,0.05759457308253064,MILFORD COURT,0
1169,0,0.05695214139517348,WILKIE PLACE,0
1170,0,0.056586329722351635,BENDER STREET,0
1171,0,0.05617427735045517,RANN AVENUE,0
1172,0,0.05586352460296977,GERE AVENUE,0.03064347033357831
1173,0,0.05580541537282754,WILLISTON AVENUE,0.1553596692816736
1174,0,0.0552548777811655,SAINT MARYS TERRACE,0
1175,0,0.05466266846387323,NORTH STATE STREET,5.739506216359894
1176,0,0.05465117430683342,SAND STREET,0
1177,0,0.05447290460819363,ELLEN STREET,0
1178,0,0.05441230320248225,ARGONNE DRIVE,0
1179,0,0.05413047028725968,HIGHLAND PLACE,0
1180,0,0.05389526717900028,MARCIA STREET,0
1181,0,0.05365182769501419,GENANT TO NORTH CLINTON CONNECTOR,0
1182,0,0.05294363807254353,ORISKANY DRIVE,0
1183,0,0.05291137375248445,KANE ROAD,0
1184,0,0.051703516211373604,BELLAIRE PLACE,0
1185,0,0.05144132525437977,PHELPS PLACE,0
1186,0,0.05130603692391079,LONGMEADOW CIRCLE,0
1187,0,0.05108773941402794,CRIPPEN PLACE,0
1188,0,0.05096680330503909,PENTA DRIVE,3.408653142650361
1189,0,0.05080454685890826,ORWOOD PLACE,0
1190,0,0.050059922845935724,ORANGE ALLEY,0
1191,0,0.050002532362014844,STONE COURT,0
1192,0,0.04998349149696679,SWANSEA DRIVE,0
1193,0,0.04987285970158585,LOMBARD AVENUE,5.203737956596902
1194,0,0.04975535708093319,SUMMIT AVENUE,0
1195,0,0.04958298723300634,SENECA PLACE,0
1196,0,0.049261571153443984,SALT SHED DRIVE,0
1197,0,0.049047471520316764,IRON PIER DRIVE,0
1198,0,0.048864398021836786,PARKVIEW AVENUE,0
1199,0,0.04868250472525584,KIRKPATRICK STREET,0
1200,0,0.048455508156686505,GARFIELD PLACE,0
1201,0,0.04775573388595201,MORTON AVENUE,0
1202,0,0.046902099780426754,CRYSLER STREET,0
1203,0,0.04673722541451991,EDMUND AVENUE,0
1204,0,0.046677005916197785,SHELBOURNE PLACE,0
1205,0,0.04604111893653555,SLOCUM DRIVE,0
1206,0,0.045949725693191584,NORTH SALINA STREET,0
1207,0,0.04591409122099837,COFFEY DRIVE,0
1208,0,0.04566424860051935,CHENNAULT DRIVE,0
1209,0,0.04543305378725628,WESTMINSTER AVENUE,0
1210,0,0.044652264815181565,TITUS ALLEY,0
1211,0,0.04456473954069908,LINWILL TERRACE,0
1212,0,0.04453108729298359,CADWELL PLACE,0
1213,0,0.04452478941639346,WESTMINSTER AVENUE,0
1214,0,0.04418015889599775,HICKORY STREET,0
1215,0,0.04367690098275427,CENTRAL AVENUE,0
1216,0,0.043661609987245505,SHOTWELL PARK,0
1217,0,0.043556104031325406,WHITTIER AVENUE,0
1218,0,0.043257926428132774,VILLAGE DRIVE,0
1219,0,0.04318068525681719,CHANNING PLACE,0
1220,0,0.04282567100650707,ACADIA AVENUE,0
1221,0,0.04263878412659152,VILLAGE DRIVE,0
1222,0,0.04236800317283636,ARGYLE AVENUE,0
1223,0,0.04235398744561923,EAST BELDEN AVENUE,0
1224,0,0.04210410368511327,BURLINGAME ROAD,0
1225,0,0.042087923796018584,BRONX AVENUE,0.047712218205610946
1226,0,0.04170421269642085,PAVILLION TERRACE,0
1227,0,0.03989177846167037,HIGHRIDGE PLACE,0
1228,0,0.03983976273437553,SYCAMORE TERRACE,1.0973470751308816
1229,0,0.039515599781883314,EAST COLVIN STREET,0
1230,0,0.039291318254988106,MANLEY FIELD HOUSE,0
1231,0,0.03913047668026154,FRISBIE COURT,0
1232,0,0.038989951033027596,SLOCUM DRIVE,0
1233,0,0.03897303074053608,GRAND AVENUE,0
1234,0,0.03887942385356144,TRAFFIC CIRCLE,0
1235,0,0.038666539092014306,WILL AVENUE,0
1236,0,0.038644733828676836,GLASS TERRACE,0
1237,0,0.03851780416580686,WARNER COURT,0
1238,0,0.03848120603025395,LIGHT COURT,0
1239,0,0.038154769421015,JERICHO DRIVE,0
1240,0,0.0379670062222801,ROBINCROFT ROAD,0
1241,0,0.03729672374637706,HILLSBORO PLACE,0
1242,0,0.03633088390273445,SLOCUM DRIVE,0
1243,0,0.036266463970145095,BELMONT STREET,0
1244,0,0.0361485424992701,TEALL AVENUE,0
1245,0,0.03607283933284176,BOYDEN PLACE,0
1246,0,0.03592365199102993,MOREY AVENUE,0
1247,0,0.035369509945980364,TEALL AVENUE,0
1248,0,0.034802580905092584,DODGE DRIVE,0
1249,0,0.034413688518266435,DAYBREAK LANE,0
1250,0,0.03413472375800151,PALMER LANE,0
1251,0,0.034080311929401357,SIDMAN AVENUE,0
1252,0,0.03391152857687035,GREEN STREET PLACE,0
1253,0,0.033736636579844825,ALBERT TERRACE,0
1254,0,0.0333831523617622,MICHAELS CIRCLE,0
1255,0,0.03279795258762162,HERALD PLACE,0
1256,0,0.03229736705181001,RESTORATION WAY,0
1257,0,0.03187700555788635,LENNOX AVENUE,0
1258,0,0.031794000542457984,ONONDAGA AVENUE,0
1259,0,0.03169583687259483,SOUTH LOWELL AVENUE,0
1260,0,0.03145223904279793,BERTRAM PLACE,0
1261,0,0.03123953077071219,REINMAN ROAD,0
1262,0,0.031062115601956847,TRUTH TERRACE,0
1263,0,0.030937048067062604,EAST PLEASANT AVENUE,0
1264,0,0.030873351871997672,SOUTH LOWELL AVENUE,0
1265,0,0.0308684323947472,BUNKER HILL WAY,9.780597178701434
1266,0,0.030848641478795756,SHERBROOKE ROAD,0
1267,0,0.030657481234138792,DECKER STREET,0
1268,0,0.030443247829555545,NORTH GLENCOVE ROAD,0
1269,0,0.030421815214845195,IDA AVENUE,0.010912359409010888
1270,0,0.029870993979717066,OXFORD STREET,0
1271,0,0.02985064031757506,INDUSTRIAL DRIVE,0
1272,0,0.02983084281035243,BROOKSIDE DRIVE,5.213635316960602
1273,0,0.029455398777183704,ROCK CUT ROUNDABAOUT,0
1274,0,0.029205720581334808,PRINCETON AVENUE,0
1275,0,0.02905174266010459,FITCH STREET,0
1276,0,0.028479368753045853,EUCLID TERRACE,0
1277,0,0.028403449112828907,WOODLAND AVENUE,0
1278,0,0.02835604347615092,WINDHAM DRIVE,0
1279,0,0.0279867437969606,LANDMARK PLACE,0
1280,0,0.027782206076592698,STRATHMORE DRIVE,0
1281,0,0.02777498580641853,NORTH FRANKLIN STREET,0
1282,0,0.027326349754749433,REMINGTON AVENUE,0
1283,0,0.02702675062636833,MORNINGSIDE TERRACE,0
1284,0,0.02678100947212115,REMINGTON AVENUE,0
1285,0,0.026570385838127646,CAYUGA STREET,0
1286,0,0.026488117020223915,SMILEY DRIVE,0
1287,0,0.025238273224755983,GREEN STREET COURT,0
1288,0,0.024161431846483363,GRANVILLE STREET,0
1289,0,0.023813518256192896,GRAPE TERRACE,0
1290,0,0.02364598176580059,J STANLEY COYNE CIRCLE,0
1291,0,0.023578678378284226,FOREST EDGE DRIVE,0
1292,0,0.023304658693803826,OVERLOOK DRIVE,0
1293,0,0.023093312368137185,REMINGTON AVENUE,0
1294,0,0.022922278737126406,OVERLOOK DRIVE,0
1295,0,0.02289384270855894,EAST GENESEE STREET,0
1296,0,0.02271886343232716,EAST GIFFORD PARKWAY,0
1297,0,0.02198967695129551,REMINGTON AVENUE,0
1298,0,0.02189568982691911,PARK ROAD,0
1299,0,0.02161526422833551,GREEN STREET ANNEX,0
1300,0,0.02146120246619603,NURSERY LANE,0
1301,0,0.02115150091410857,SIZER STREET,0
1302,0,0.02100430355171266,SPENCER STREET,0
1303,0,0.020859638526497665,GAIS DRIVE,0
1304,0,0.020785450016456115,AUDUBON PARKWAY,10.788300150250715
1305,0,0.02071156559524549,NURSERY LANE,0
1306,0,0.020707164652045227,SCHOENECK COURT,0
1307,0,0.02041784576821818,SLOCUM DRIVE,0
1308,0,0.02038720240298229,HILLVIEW AVENUE,0
1309,0,0.019800467401241497,WEST KIRKPATRICK STREET,0
1310,0,0.01977994102921669,HEADSON DRIVE,0
1311,0,0.019461898565359327,ROCK CUT ROUNDABAOUT,0
1312,0,0.01936341887269832,MANLEY FIELD HOUSE,0
1313,0,0.018981903942945886,SLOCUM DRIVE,0
1314,0,0.01864557373091921,WILL COURT,0
1315,0,0.01850432866392363,TRAFFIC CIRCLE,0
1316,0,0.018098456483116306,BENHAM AVENUE,1.3743194833158192
1317,0,0.017898735482877234,COSTELLO COURT,0
1318,0,0.01783988166853494,CLIFFSIDE DRIVE,0
1319,0,0.01736872896811354,CORCORAN COURT,0
1320,0,0.01732671206336633,BUTTERNUT STREET,0
1321,0,0.017015051946057225,CONCORD PLACE,0
1322,0,0.016993717556831836,REINMAN ROAD,0.0009402191728133202
1323,0,0.016749124388517975,RONEY LANE,0
1324,0,0.01637747290834675,RONEY LANE,0
1325,0,0.016186937105119918,SOUTH CLINTON STREET,0
1326,0,0.01584842737911996,ONONDAGA LAKE PARKWAY,0
1327,0,0.01481974852136608,TRAFFIC CIRCLE,0
1328,0,0.014666690015289087,ROCK CUT ROUNDABAOUT,0
1329,0,0.014590392656774255,ROCK CUT ROUNDABAOUT,0
1330,0,0.01448539853593892,WESTWOOD ROAD,0
1331,0,0.014216724374509618,PAGE AVENUE,0
1332,0,0.014045180626870666,CLIFFSIDE DRIVE,0
1333,0,0.013785421489475725,FAY ROAD,7.571159841648172
1334,0,0.013503483964760154,MEADE COURT,0
1335,0,0.01317699945463478,FOREST EDGE DRIVE,0
1336,0,0.01301149746746882,MILFORD DRIVE WEST,0
1337,0,0.012579464645590248,PROSPECT AVENUE,0
1338,0,0.012498780832001758,SEDGWICK DRIVE,0
1339,0,0.012482871412342427,MONTROSE AVENUE,2.7643440338362315
1340,0,0.012192133334976258,SPRING LANE,0
1341,0,0.012015315398554136,SEDGWICK DRIVE,0
1342,0,0.011938077151102365,MELROSE AVENUE,0
1343,0,0.011531523357861825,SCOTTHOLM BOULEVARD,0
1344,0,0.011420674259893045,RUGBY ROAD,0
1345,0,0.011102088242246028,MILFORD DRIVE EAST,0
1346,0,0.011069523496341665,STRONG AVENUE,0
1347,0,0.010889335053943815,THOMPSON ROAD,17.3268800821268
1348,0,0.010672619825201759,LORETTO ROUNDABOUT,0
1349,0,0.010446324709206228,HANCOCK DRIVE,0
1350,0,0.010263101154780744,RUGBY ROAD,0
1351,0,0.010156142806433854,DIPPOLD AVENUE,0
1352,0,0.010083585252919705,NOTTINGHAM ROAD,0
1353,0,0.010011283947932584,LORETTO ROUNDABOUT,0
1354,0,0.009776855688798563,WEST HIGH TERRACE,0.43158864036195693
1355,0,0.009437490130987698,HANCOCK DRIVE,0
1356,0,0.008491588532232974,AUDUBON PARKWAY,0
1357,0,0.008141503242386246,MELROSE AVENUE,0
1358,0,0.008084187641938516,MELROSE AVENUE,0
1359,0,0.007936860289076366,CARLTON DRIVE,0
1360,0,0.007886262896519884,HANCOCK DRIVE,0
1361,0,0.007732458216460473,BRADFORD PARKWAY,0
1362,0,0.007484924772243147,ANDREWS STREET,0
1363,0,0.0069979360137911615,WESTMONT ROAD,2.1661039310048222
1364,0,0.006962279771375477,LAKEVIEW ROAD,3.7778416603174425
1365,0,0.006765927552783161,WESTVALE ROAD,0
1366,0,0.006345728538094874,YALE AVENUE,7.041950705413358e-05
1367,0,0.006249272970009829,RONEY LANE,0
1368,0,0.0060858068192386995,ARDMORE ROAD,2.0599711179446896
1369,0,0.005411703678952037,BUNKER HILL WAY,2.582325960363761
1370,0,0.005285210452734837,RONEY LANE,0
1371,0,0.0045768186163102275,NORTH STATE STREET,0
1372,0,0.001737735790000505,SHOP CITY PLAZA,0
1373,0,0.000664756857793278,BRADFORD LANE,0
1374,0,0.0005999741972338621,SOUTH ORCHARD ROAD,0
1375,0,0.00015442188511539465,THOMPSON ROAD,0
1376,0,0.00010448030946210201,LEPAGE PLACE,0
