name,base,suffix,base_characters,full_characters,suffix_characters,suffix_minus_base
FAY ROAD,FAY,ROAD,3,7,4,1
LEA LANE,LEA,LANE,3,7,4,1
AVON ROAD,AVON,ROAD,4,8,4,0
CROUSE DR,CROUSE DR,,8,8,0,-8
EDNA ROAD,EDNA,ROAD,4,8,4,0
GAME ROAD,GAME,ROAD,4,8,4,0
HODES WAY,HODES,WAY,5,8,3,-2
KANE ROAD,KANE,ROAD,4,8,4,0
OAK PLACE,OAK,PLACE,3,8,5,2
PARK ROAD,PARK,ROAD,4,8,4,0
POND LANE,POND,LANE,4,8,4,0
ROSS PARK,ROSS,PARK,4,8,4,0
ACORN PATH,ACORN,PATH,5,9,4,-1
AMY STREET,AMY,STREET,3,9,6,3
ARBOR LANE,ARBOR,LANE,5,9,4,-1
ASH STREET,ASH,STREET,3,9,6,3
BANK ALLEY,BANK,ALLEY,4,9,5,1
DUKE DRIVE,DUKE,DRIVE,4,9,5,1
DYER COURT,DYER,COURT,4,9,5,1
EDTIM ROAD,EDTIM,ROAD,5,9,4,-1
ELK STREET,ELK,STREET,3,9,6,3
ELM STREET,ELM,STREET,3,9,6,3
GAGE COURT,GAGE,COURT,4,9,5,1
GAIS DRIVE,GAIS,DRIVE,4,9,5,1
IDA AVENUE,IDA,AVENUE,3,9,6,3
KEEN PLACE,KEEN,PLACE,4,9,5,1
LACY PLACE,LACY,PLACE,4,9,5,1
LOCK ALLEY,LOCK,ALLEY,4,9,5,1
MAY AVENUE,MAY,AVENUE,3,9,6,3
NEW STREET,NEW,STREET,3,9,6,3
OAK STREET,OAK,STREET,3,9,6,3
ROE AVENUE,ROE,AVENUE,3,9,6,3
RONEY LANE,RONEY,LANE,5,9,4,-1
RONEY ROAD,RONEY,ROAD,5,9,4,-1
RUGBY ROAD,RUGBY,ROAD,5,9,4,-1
SMALL ROAD,SMALL,ROAD,5,9,4,-1
SMITH LANE,SMITH,LANE,5,9,4,-1
SMITH ROAD,SMITH,ROAD,5,9,4,-1
WILL COURT,WILL,COURT,4,9,5,1
ALBERT ROAD,ALBERT,ROAD,6,10,4,-2
AMES AVENUE,AMES,AVENUE,4,10,6,2
ARCH STREET,ARCH,STREET,4,10,6,2
ARCHER ROAD,ARCHER,ROAD,6,10,4,-2
ARDEN DRIVE,ARDEN,DRIVE,5,10,5,0
ARNTS PLACE,ARNTS,PLACE,5,10,5,0
BALL AVENUE,BALL,AVENUE,4,10,6,2
BALL CIRCLE,BALL,CIRCLE,4,10,6,2
BEACON ROAD,BEACON,ROAD,6,10,4,-2
BEAR STREET,BEAR,STREET,4,10,6,2
BEARD PLACE,BEARD,PLACE,5,10,5,0
BOISE DRIVE,BOISE,DRIVE,5,10,5,0
BURT STREET,BURT,STREET,4,10,6,2
BYRNE PLACE,BYRNE,PLACE,5,10,5,0
CALVIN ROAD,CALVIN,ROAD,6,10,4,-2
CAMP AVENUE,CAMP,AVENUE,4,10,6,2
CHAPPLE WAY,CHAPPLE,WAY,7,10,3,-4
CIRCLE ROAD,CIRCLE,ROAD,6,10,4,-2
CLAIRE ROAD,CLAIRE,ROAD,6,10,4,-2
CODY AVENUE,CODY,AVENUE,4,10,6,2
COOK AVENUE,COOK,AVENUE,4,10,6,2
DALE STREET,DALE,STREET,4,10,6,2
DELL STREET,DELL,STREET,4,10,6,2
DEWITT ROAD,DEWITT,ROAD,6,10,4,-2
DODGE DRIVE,DODGE,DRIVE,5,10,5,0
DORSET ROAD,DORSET,ROAD,6,10,4,-2
EAST AVENUE,EAST,AVENUE,4,10,6,2
ERIE STREET,ERIE,STREET,4,10,6,2
FAGE AVENUE,FAGE,AVENUE,4,10,6,2
FISH AVENUE,FISH,AVENUE,4,10,6,2
FORD AVENUE,FORD,AVENUE,4,10,6,2
GALE AVENUE,GALE,AVENUE,4,10,6,2
GALE STREET,GALE,STREET,4,10,6,2
GARY AVENUE,GARY,AVENUE,4,10,6,2
GERE AVENUE,GERE,AVENUE,4,10,6,2
GRAY AVENUE,GRAY,AVENUE,4,10,6,2
HADDON ROAD,HADDON,ROAD,6,10,4,-2
HALL AVENUE,HALL,AVENUE,4,10,6,2
HERZ STREET,HERZ,STREET,4,10,6,2
HIER AVENUE,HIER,AVENUE,4,10,6,2
HIGH STREET,HIGH,STREET,4,10,6,2
HILTON ROAD,HILTON,ROAD,6,10,4,-2
HOOD AVENUE,HOOD,AVENUE,4,10,6,2
HOPE AVENUE,HOPE,AVENUE,4,10,6,2
HOPPER ROAD,HOPPER,ROAD,6,10,4,-2
HUNT AVENUE,HUNT,AVENUE,4,10,6,2
IVES AVENUE,IVES,AVENUE,4,10,6,2
JANET DRIVE,JANET,DRIVE,5,10,5,0
JEAN AVENUE,JEAN,AVENUE,4,10,6,2
JOHN STREET,JOHN,STREET,4,10,6,2
KIDD AVENUE,KIDD,AVENUE,4,10,6,2
KIMBER ROAD,KIMBER,ROAD,6,10,4,-2
KING STREET,KING,STREET,4,10,6,2
KIRK AVENUE,KIRK,AVENUE,4,10,6,2
KUHL AVENUE,KUHL,AVENUE,4,10,6,2
LEON STREET,LEON,STREET,4,10,6,2
LIGHT COURT,LIGHT,COURT,5,10,5,0
LIME STREET,LIME,STREET,4,10,6,2
LODI STREET,LODI,STREET,4,10,6,2
LOMA AVENUE,LOMA,AVENUE,4,10,6,2
LYNN CIRCLE,LYNN,CIRCLE,4,10,6,2
MANOR DRIVE,MANOR,DRIVE,5,10,5,0
MARIS DRIVE,MARIS,DRIVE,5,10,5,0
MARK AVENUE,MARK,AVENUE,4,10,6,2
MARVIN ROAD,MARVIN,ROAD,6,10,4,-2
MARY STREET,MARY,STREET,4,10,6,2
MEADE COURT,MEADE,COURT,5,10,5,0
MENLO DRIVE,MENLO,DRIVE,5,10,5,0
MERZ AVENUE,MERZ,AVENUE,4,10,6,2
OTTO STREET,OTTO,STREET,4,10,6,2
PAGE AVENUE,PAGE,AVENUE,4,10,6,2
PALMER LANE,PALMER,LANE,6,10,4,-2
PARK AVENUE,PARK,AVENUE,4,10,6,2
PARK STREET,PARK,STREET,4,10,6,2
PAUL AVENUE,PAUL,AVENUE,4,10,6,2
PEAT STREET,PEAT,STREET,4,10,6,2
PECK AVENUE,PECK,AVENUE,4,10,6,2
PENTA DRIVE,PENTA,DRIVE,5,10,5,0
PINE STREET,PINE,STREET,4,10,6,2
PLUM STREET,PLUM,STREET,4,10,6,2
POLK STREET,POLK,STREET,4,10,6,2
POND STREET,POND,STREET,4,10,6,2
RANN AVENUE,RANN,AVENUE,4,10,6,2
REED AVENUE,REED,AVENUE,4,10,6,2
RICH STREET,RICH,STREET,4,10,6,2
RIGI AVENUE,RIGI,AVENUE,4,10,6,2
RILL AVENUE,RILL,AVENUE,4,10,6,2
ROSE AVENUE,ROSE,AVENUE,4,10,6,2
RUTH AVENUE,RUTH,AVENUE,4,10,6,2
SAFETY LANE,SAFETY,LANE,6,10,4,-2
SALT STREET,SALT,STREET,4,10,6,2
SAND STREET,SAND,STREET,4,10,6,2
SEELEY ROAD,SEELEY,ROAD,6,10,4,-2
SIMON DRIVE,SIMON,DRIVE,5,10,5,0
SKYTOP ROAD,SKYTOP,ROAD,6,10,4,-2
SPRING LANE,SPRING,LANE,6,10,4,-2
STACY PLACE,STACY,PLACE,5,10,5,0
STONE COURT,STONE,COURT,5,10,5,0
TAFT AVENUE,TAFT,AVENUE,4,10,6,2
TITUS ALLEY,TITUS,ALLEY,5,10,5,0
TYLER COURT,TYLER,COURT,5,10,5,0
TYSON PLACE,TYSON,PLACE,5,10,5,0
UNION PLACE,UNION,PLACE,5,10,5,0
UPLAND ROAD,UPLAND,ROAD,6,10,4,-2
VALE STREET,VALE,STREET,4,10,6,2
VANN STREET,VANN,STREET,4,10,6,2
VIEAU DRIVE,VIEAU,DRIVE,5,10,5,0
VINE STREET,VINE,STREET,4,10,6,2
WALL STREET,WALL,STREET,4,10,6,2
WILL AVENUE,WILL,AVENUE,4,10,6,2
WOLF STREET,WOLF,STREET,4,10,6,2
WOOD AVENUE,WOOD,AVENUE,4,10,6,2
YALE AVENUE,YALE,AVENUE,4,10,6,2
ALANSON ROAD,ALANSON,ROAD,7,11,4,-3
ALDEN STREET,ALDEN,STREET,5,11,6,1
ALLEN STREET,ALLEN,STREET,5,11,6,1
ALTON STREET,ALTON,STREET,5,11,6,1
AMIDON DRIVE,AMIDON,DRIVE,6,11,5,-1
ANDOVER ROAD,ANDOVER,ROAD,7,11,4,-3
APPLE STREET,APPLE,STREET,5,11,6,1
ARDMORE ROAD,ARDMORE,ROAD,7,11,4,-3
AVERY AVENUE,AVERY,AVENUE,5,11,6,1
AVOCA STREET,AVOCA,STREET,5,11,6,1
BAKER AVENUE,BAKER,AVENUE,5,11,6,1
BASIN STREET,BASIN,STREET,5,11,6,1
BELLE AVENUE,BELLE,AVENUE,5,11,6,1
BEVERLY ROAD,BEVERLY,ROAD,7,11,4,-3
BLOSSOM ROAD,BLOSSOM,ROAD,7,11,4,-3
BOYDEN PLACE,BOYDEN,PLACE,6,11,5,-1
BRACE STREET,BRACE,STREET,5,11,6,1
BRATTLE ROAD,BRATTLE,ROAD,7,11,4,-3
BROAD STREET,BROAD,STREET,5,11,6,1
BRONX AVENUE,BRONX,AVENUE,5,11,6,1
BROWN STREET,BROWN,STREET,5,11,6,1
BRUCE STREET,BRUCE,STREET,5,11,6,1
BURNS AVENUE,BURNS,AVENUE,5,11,6,1
CALEB AVENUE,CALEB,AVENUE,5,11,6,1
CANAL STREET,CANAL,STREET,5,11,6,1
CARLTON ROAD,CARLTON,ROAD,7,11,4,-3
CEDAR STREET,CEDAR,STREET,5,11,6,1
CHATHAM ROAD,CHATHAM,ROAD,7,11,4,-3
CLYDE AVENUE,CLYDE,AVENUE,5,11,6,1
COFFEY DRIVE,COFFEY,DRIVE,6,11,5,-1
COLBY AVENUE,COLBY,AVENUE,5,11,6,1
COMSTOCK ART,COMSTOCK ART,,11,11,0,-11
CONAN STREET,CONAN,STREET,5,11,6,1
CORAL AVENUE,CORAL,AVENUE,5,11,6,1
COURT STREET,COURT,STREET,5,11,6,1
COWIE AVENUE,COWIE,AVENUE,5,11,6,1
CRAIG STREET,CRAIG,STREET,5,11,6,1
CROLY STREET,CROLY,STREET,5,11,6,1
CROYDEN ROAD,CROYDEN,ROAD,7,11,4,-3
CULVER DRIVE,CULVER,DRIVE,6,11,5,-1
DABLON COURT,DABLON,COURT,6,11,5,-1
DAISY STREET,DAISY,STREET,5,11,6,1
DAKIN STREET,DAKIN,STREET,5,11,6,1
DAVIS STREET,DAVIS,STREET,5,11,6,1
DAWES AVENUE,DAWES,AVENUE,5,11,6,1
DELHI STREET,DELHI,STREET,5,11,6,1
DEMONG DRIVE,DEMONG,DRIVE,6,11,5,-1
DEWEY AVENUE,DEWEY,AVENUE,5,11,6,1
DIANA AVENUE,DIANA,AVENUE,5,11,6,1
DOLL PARKWAY,DOLL,PARKWAY,4,11,7,3
DUANE STREET,DUANE,STREET,5,11,6,1
DUNDEE DRIVE,DUNDEE,DRIVE,6,11,5,-1
ELLEN STREET,ELLEN,STREET,5,11,6,1
ELLIS STREET,ELLIS,STREET,5,11,6,1
ESSEX STREET,ESSEX,STREET,5,11,6,1
ETHEL STREET,ETHEL,STREET,5,11,6,1
EVANS STREET,EVANS,STREET,5,11,6,1
FENWAY DRIVE,FENWAY,DRIVE,6,11,5,-1
FITCH STREET,FITCH,STREET,5,11,6,1
FOBES AVENUE,FOBES,AVENUE,5,11,6,1
FORDHAM ROAD,FORDHAM,ROAD,7,11,4,-3
FOXBORO ROAD,FOXBORO,ROAD,7,11,4,-3
GENANT DRIVE,GENANT,DRIVE,6,11,5,-1
GLAHN AVENUE,GLAHN,AVENUE,5,11,6,1
GRACE STREET,GRACE,STREET,5,11,6,1
GRAND AVENUE,GRAND,AVENUE,5,11,6,1
GRANT AVENUE,GRANT,AVENUE,5,11,6,1
GREEN STREET,GREEN,STREET,5,11,6,1
GROVE STREET,GROVE,STREET,5,11,6,1
HAMPTON ROAD,HAMPTON,ROAD,7,11,4,-3
HARFORD ROAD,HARFORD,ROAD,7,11,4,-3
HATCH STREET,HATCH,STREET,5,11,6,1
HELEN STREET,HELEN,STREET,5,11,6,1
HENRY STREET,HENRY,STREET,5,11,6,1
HERALD PLACE,HERALD,PLACE,6,11,5,-1
HILLTOP ROAD,HILLTOP,ROAD,7,11,4,-3
HOVEY STREET,HOVEY,STREET,5,11,6,1
HUGHES PLACE,HUGHES,PLACE,6,11,5,-1
HURON STREET,HURON,STREET,5,11,6,1
JACLYN DRIVE,JACLYN,DRIVE,6,11,5,-1
JAMES STREET,JAMES,STREET,5,11,6,1
JASPER PLACE,JASPER,PLACE,6,11,5,-1
JULIAN PLACE,JULIAN,PLACE,6,11,5,-1
JUNEWAY ROAD,JUNEWAY,ROAD,7,11,4,-3
KINNE STREET,KINNE,STREET,5,11,6,1
KLINE STREET,KLINE,STREET,5,11,6,1
KNAUL STREET,KNAUL,STREET,5,11,6,1
KRAMER DRIVE,KRAMER,DRIVE,6,11,5,-1
LATTER DRIVE,LATTER,DRIVE,6,11,5,-1
LEPAGE PLACE,LEPAGE,PLACE,6,11,5,-1
LEWIS STREET,LEWIS,STREET,5,11,6,1
LILAC STREET,LILAC,STREET,5,11,6,1
LOEHR AVENUE,LOEHR,AVENUE,5,11,6,1
LYNCH AVENUE,LYNCH,AVENUE,5,11,6,1
LYNCH STREET,LYNCH,STREET,5,11,6,1
MAINS AVENUE,MAINS,AVENUE,5,11,6,1
MAPLE STREET,MAPLE,STREET,5,11,6,1
MATTY AVENUE,MATTY,AVENUE,5,11,6,1
MAYAR STREET,MAYAR,STREET,5,11,6,1
MEDORA PLACE,MEDORA,PLACE,6,11,5,-1
MERRELL ROAD,MERRELL,ROAD,7,11,4,-3
MILES AVENUE,MILES,AVENUE,5,11,6,1
MOORE AVENUE,MOORE,AVENUE,5,11,6,1
MOREY AVENUE,MOREY,AVENUE,5,11,6,1
MOSLEY DRIVE,MOSLEY,DRIVE,6,11,5,-1
MUNSON DRIVE,MUNSON,DRIVE,6,11,5,-1
NIVEN STREET,NIVEN,STREET,5,11,6,1
NORTH AVENUE,NORTH,AVENUE,5,11,6,1
NURSERY LANE,NURSERY,LANE,7,11,4,-3
OLIVE STREET,OLIVE,STREET,5,11,6,1
ORANGE ALLEY,ORANGE,ALLEY,6,11,5,-1
ORWOOD PLACE,ORWOOD,PLACE,6,11,5,-1
PARRISH LANE,PARRISH,LANE,7,11,4,-3
PEARL STREET,PEARL,STREET,5,11,6,1
PHELPS PLACE,PHELPS,PLACE,6,11,5,-1
REINMAN ROAD,REINMAN,ROAD,7,11,4,-3
RICHARD ROAD,RICHARD,ROAD,7,11,4,-3
RIDER AVENUE,RIDER,AVENUE,5,11,6,1
ROBERT DRIVE,ROBERT,DRIVE,6,11,5,-1
ROCK CUT ROAD,ROCK CUT,ROAD,7,11,4,-3
ROXBURY ROAD,ROXBURY,ROAD,7,11,4,-3
SAILE STREET,SAILE,STREET,5,11,6,1
SATURN DRIVE,SATURN,DRIVE,6,11,5,-1
SCOTT AVENUE,SCOTT,AVENUE,5,11,6,1
SENECA DRIVE,SENECA,DRIVE,6,11,5,-1
SENECA PLACE,SENECA,PLACE,6,11,5,-1
SHARON DRIVE,SHARON,DRIVE,6,11,5,-1
SHIRLEY ROAD,SHIRLEY,ROAD,7,11,4,-3
SIZER STREET,SIZER,STREET,5,11,6,1
SLOCUM DRIVE,SLOCUM,DRIVE,6,11,5,-1
SMILEY DRIVE,SMILEY,DRIVE,6,11,5,-1
SMITH STREET,SMITH,STREET,5,11,6,1
SOLAR STREET,SOLAR,STREET,5,11,6,1
SOUTH AVENUE,SOUTH,AVENUE,5,11,6,1
SPAID AVENUE,SPAID,AVENUE,5,11,6,1
STOLP AVENUE,STOLP,AVENUE,5,11,6,1
STRAND PLACE,STRAND,PLACE,6,11,5,-1
TEALL AVENUE,TEALL,AVENUE,5,11,6,1
TEJAH AVENUE,TEJAH,AVENUE,5,11,6,1
TEMPLE PLACE,TEMPLE,PLACE,6,11,5,-1
TERRACE ROAD,TERRACE,ROAD,7,11,4,-3
THIRD AVENUE,THIRD,AVENUE,5,11,6,1
TIOGA STREET,TIOGA,STREET,5,11,6,1
TRACY STREET,TRACY,STREET,5,11,6,1
TULLY STREET,TULLY,STREET,5,11,6,1
UNION AVENUE,UNION,AVENUE,5,11,6,1
VALLEY DRIVE,VALLEY,DRIVE,6,11,5,-1
VELASKO ROAD,VELASKO,ROAD,7,11,4,-3
WAITE AVENUE,WAITE,AVENUE,5,11,6,1
WALNUT PLACE,WALNUT,PLACE,6,11,5,-1
WALRATH ROAD,WALRATH,ROAD,7,11,4,-3
WALTER DRIVE,WALTER,DRIVE,6,11,5,-1
WARNER COURT,WARNER,COURT,6,11,5,-1
WAYNE STREET,WAYNE,STREET,5,11,6,1
WEISER COURT,WEISER,COURT,6,11,5,-1
WHEATON ROAD,WHEATON,ROAD,7,11,4,-3
WHITE STREET,WHITE,STREET,5,11,6,1
WILKIE PLACE,WILKIE,PLACE,6,11,5,-1
WILSON PLACE,WILSON,PLACE,6,11,5,-1
WIMAN AVENUE,WIMAN,AVENUE,5,11,6,1
ACADEMY GREEN,ACADEMY,GREEN,7,12,5,-2
ACADEMY PLACE,ACADEMY,PLACE,7,12,5,-2
ACADIA AVENUE,ACADIA,AVENUE,6,12,6,0
AINSLEY DRIVE,AINSLEY,DRIVE,7,12,5,-2
ALMOND STREET,ALMOND,STREET,6,12,6,0
ARDMORE PLACE,ARDMORE,PLACE,7,12,5,-2
ARGONNE DRIVE,ARGONNE,DRIVE,7,12,5,-2
ARGYLE AVENUE,ARGYLE,AVENUE,6,12,6,0
ARNETT AVENUE,ARNETT,AVENUE,6,12,6,0
ARNOLD AVENUE,ARNOLD,AVENUE,6,12,6,0
ARSENAL DRIVE,ARSENAL,DRIVE,7,12,5,-2
ARTHUR STREET,ARTHUR,STREET,6,12,6,0
AUSTIN AVENUE,AUSTIN,AVENUE,6,12,6,0
BARKER AVENUE,BARKER,AVENUE,6,12,6,0
BARNES AVENUE,BARNES,AVENUE,6,12,6,0
BECKER STREET,BECKER,STREET,6,12,6,0
BENDER STREET,BENDER,STREET,6,12,6,0
BENHAM AVENUE,BENHAM,AVENUE,6,12,6,0
BERGER AVENUE,BERGER,AVENUE,6,12,6,0
BERTRAM PLACE,BERTRAM,PLACE,7,12,5,-2
BERWYN AVENUE,BERWYN,AVENUE,6,12,6,0
BISHOP AVENUE,BISHOP,AVENUE,6,12,6,0
BLAINE STREET,BLAINE,STREET,6,12,6,0
BOSTON STREET,BOSTON,STREET,6,12,6,0
BOYDEN STREET,BOYDEN,STREET,6,12,6,0
BRADFORD LANE,BRADFORD,LANE,8,12,4,-4
BRAMPTON ROAD,BRAMPTON,ROAD,8,12,4,-4
BRIGGS STREET,BRIGGS,STREET,6,12,6,0
BRISTOL PLACE,BRISTOL,PLACE,7,12,5,-2
BRYANT AVENUE,BRYANT,AVENUE,6,12,6,0
BURNET AVENUE,BURNET,AVENUE,6,12,6,0
BURTEN STREET,BURTEN,STREET,6,12,6,0
BUTLER STREET,BUTLER,STREET,6,12,6,0
CADWELL PLACE,CADWELL,PLACE,7,12,5,-2
CANDEE AVENUE,CANDEE,AVENUE,6,12,6,0
CANNON STREET,CANNON,STREET,6,12,6,0
CARBON STREET,CARBON,STREET,6,12,6,0
CARLTON DRIVE,CARLTON,DRIVE,7,12,5,-2
CAYUGA STREET,CAYUGA,STREET,6,12,6,0
CHATHAM PLACE,CHATHAM,PLACE,7,12,5,-2
CHENEY STREET,CHENEY,STREET,6,12,6,0
CHERRY STREET,CHERRY,STREET,6,12,6,0
CHINOOK DRIVE,CHINOOK,DRIVE,7,12,5,-2
CLARKE STREET,CLARKE,STREET,6,12,6,0
CLIFTON PLACE,CLIFTON,PLACE,7,12,5,-2
CLOVER STREET,CLOVER,STREET,6,12,6,0
COLLEGE PLACE,COLLEGE,PLACE,7,12,5,-2
CONCORD PLACE,CONCORD,PLACE,7,12,5,-2
CONIFER DRIVE,CONIFER,DRIVE,7,12,5,-2
COURT TERRACE,COURT,TERRACE,5,12,7,2
CRATON STREET,CRATON,STREET,6,12,6,0
CRIPPEN PLACE,CRIPPEN,PLACE,7,12,5,-2
CURTIS STREET,CURTIS,STREET,6,12,6,0
DAKOTA STREET,DAKOTA,STREET,6,12,6,0
DAYBREAK LANE,DAYBREAK,LANE,8,12,4,-4
DECKER STREET,DECKER,STREET,6,12,6,0
DEFOREST ROAD,DEFOREST,ROAD,8,12,4,-4
DELONG AVENUE,DELONG,AVENUE,6,12,6,0
DELRAY AVENUE,DELRAY,AVENUE,6,12,6,0
DEVINE STREET,DEVINE,STREET,6,12,6,0
DEWITT STREET,DEWITT,STREET,6,12,6,0
DIDAMA STREET,DIDAMA,STREET,6,12,6,0
DORWIN AVENUE,DORWIN,AVENUE,6,12,6,0
DUDLEY STREET,DUDLEY,STREET,6,12,6,0
EASTWOOD ROAD,EASTWOOD,ROAD,8,12,4,-4
EDGEHILL ROAD,EDGEHILL,ROAD,8,12,4,-4
EDISON STREET,EDISON,STREET,6,12,6,0
EDMUND AVENUE,EDMUND,AVENUE,6,12,6,0
ELSNER STREET,ELSNER,STREET,6,12,6,0
EMPIRE AVENUE,EMPIRE,AVENUE,6,12,6,0
ENFIELD PLACE,ENFIELD,PLACE,7,12,5,-2
EUCLID AVENUE,EUCLID,AVENUE,6,12,6,0
EUREKA STREET,EUREKA,STREET,6,12,6,0
FABIUS STREET,FABIUS,STREET,6,12,6,0
FARM ACRE ROAD,FARM ACRE,ROAD,8,12,4,-4
FARMER STREET,FARMER,STREET,6,12,6,0
FEIGEL AVENUE,FEIGEL,AVENUE,6,12,6,0
FENTON STREET,FENTON,STREET,6,12,6,0
FERRIS AVENUE,FERRIS,AVENUE,6,12,6,0
FISCOE AVENUE,FISCOE,AVENUE,6,12,6,0
FOREST AVENUE,FOREST,AVENUE,6,12,6,0
FORMAN AVENUE,FORMAN,AVENUE,6,12,6,0
FRISBIE COURT,FRISBIE,COURT,7,12,5,-2
FURMAN STREET,FURMAN,STREET,6,12,6,0
GEORGE STREET,GEORGE,STREET,6,12,6,0
GIRARD AVENUE,GIRARD,AVENUE,6,12,6,0
GLASS TERRACE,GLASS,TERRACE,5,12,7,2
GLENCOVE ROAD,GLENCOVE,ROAD,8,12,4,-4
GORDON AVENUE,GORDON,AVENUE,6,12,6,0
GRANT TERRACE,GRANT,TERRACE,5,12,7,2
GRAPE TERRACE,GRAPE,TERRACE,5,12,7,2
GRAVES STREET,GRAVES,STREET,6,12,6,0
GUILFORD ROAD,GUILFORD,ROAD,8,12,4,-4
HANCOCK DRIVE,HANCOCK,DRIVE,7,12,5,-2
HARBOR STREET,HARBOR,STREET,6,12,6,0
HARDING PLACE,HARDING,PLACE,7,12,5,-2
HAROLD STREET,HAROLD,STREET,6,12,6,0
HARVARD PLACE,HARVARD,PLACE,7,12,5,-2
HATHERLY ROAD,HATHERLY,ROAD,8,12,4,-4
HAWLEY AVENUE,HAWLEY,AVENUE,6,12,6,0
HAYDEN AVENUE,HAYDEN,AVENUE,6,12,6,0
HAYES TERRACE,HAYES,TERRACE,5,12,7,2
HEADSON DRIVE,HEADSON,DRIVE,7,12,5,-2
HERBST AVENUE,HERBST,AVENUE,6,12,6,0
HICKOK AVENUE,HICKOK,AVENUE,6,12,6,0
HIXSON AVENUE,HIXSON,AVENUE,6,12,6,0
HOBART AVENUE,HOBART,AVENUE,6,12,6,0
HOLDEN STREET,HOLDEN,STREET,6,12,6,0
HOLMES STREET,HOLMES,STREET,6,12,6,0
HOWARD STREET,HOWARD,STREET,6,12,6,0
HUDSON STREET,HUDSON,STREET,6,12,6,0
HUNTER AVENUE,HUNTER,AVENUE,6,12,6,0
HURLBURT ROAD,HURLBURT,ROAD,8,12,4,-4
INTREPID LANE,INTREPID,LANE,8,12,4,-4
IRVING AVENUE,IRVING,AVENUE,6,12,6,0
IVY RIDGE ROAD,IVY RIDGE,ROAD,8,12,4,-4
JASPER STREET,JASPER,STREET,6,12,6,0
JENSEN AVENUE,JENSEN,AVENUE,6,12,6,0
JERICHO DRIVE,JERICHO,DRIVE,7,12,5,-2
JEROME STREET,JEROME,STREET,6,12,6,0
JUDSON STREET,JUDSON,STREET,6,12,6,0
KENWICK DRIVE,KENWICK,DRIVE,7,12,5,-2
KILLIAN DRIVE,KILLIAN,DRIVE,7,12,5,-2
KIMBER AVENUE,KIMBER,AVENUE,6,12,6,0
LAKEVIEW ROAD,LAKEVIEW,ROAD,8,12,4,-4
LAMBRETH LANE,LAMBRETH,LANE,8,12,4,-4
LAMSON STREET,LAMSON,STREET,6,12,6,0
LANDON AVENUE,LANDON,AVENUE,6,12,6,0
LARNED STREET,LARNED,STREET,6,12,6,0
LENNOX AVENUE,LENNOX,AVENUE,6,12,6,0
LINDEN STREET,LINDEN,STREET,6,12,6,0
LOCKWOOD ROAD,LOCKWOOD,ROAD,8,12,4,-4
LOOMIS AVENUE,LOOMIS,AVENUE,6,12,6,0
LYDELL STREET,LYDELL,STREET,6,12,6,0
MAPLE TERRACE,MAPLE,TERRACE,5,12,7,2
MARCIA STREET,MARCIA,STREET,6,12,6,0
MARKET STREET,MARKET,STREET,6,12,6,0
MARTIN STREET,MARTIN,STREET,6,12,6,0
MATHER STREET,MATHER,STREET,6,12,6,0
MAYWOOD DRIVE,MAYWOOD,DRIVE,7,12,5,-2
MCDONALD ROAD,MCDONALD,ROAD,8,12,4,-4
MILBURN DRIVE,MILBURN,DRIVE,7,12,5,-2
MILFORD COURT,MILFORD,COURT,7,12,5,-2
MILNOR AVENUE,MILNOR,AVENUE,6,12,6,0
MILTON AVENUE,MILTON,AVENUE,6,12,6,0
MINEOLA DRIVE,MINEOLA,DRIVE,7,12,5,-2
MONROE STREET,MONROE,STREET,6,12,6,0
MOONEY AVENUE,MOONEY,AVENUE,6,12,6,0
MORGAN AVENUE,MORGAN,AVENUE,6,12,6,0
MORTON AVENUE,MORTON,AVENUE,6,12,6,0
MORTON STREET,MORTON,STREET,6,12,6,0
MURRAY AVENUE,MURRAY,AVENUE,6,12,6,0
MYRTLE STREET,MYRTLE,STREET,6,12,6,0
NELSON STREET,NELSON,STREET,6,12,6,0
NEUTRAL COURT,NEUTRAL,COURT,7,12,5,-2
NORMAN AVENUE,NORMAN,AVENUE,6,12,6,0
NORTON AVENUE,NORTON,AVENUE,6,12,6,0
OAK LEAF DRIVE,OAK LEAF,DRIVE,7,12,5,-2
OAKDALE DRIVE,OAKDALE,DRIVE,7,12,5,-2
OBERST STREET,OBERST,STREET,6,12,6,0
ONEIDA STREET,ONEIDA,STREET,6,12,6,0
OSTRAM AVENUE,OSTRAM,AVENUE,6,12,6,0
OSTROM AVENUE,OSTROM,AVENUE,6,12,6,0
OSWEGO STREET,OSWEGO,STREET,6,12,6,0
OTISCO STREET,OTISCO,STREET,6,12,6,0
OXFORD STREET,OXFORD,STREET,6,12,6,0
PALMER AVENUE,PALMER,AVENUE,6,12,6,0
PARKWAY DRIVE,PARKWAY,DRIVE,7,12,5,-2
PASTIME DRIVE,PASTIME,DRIVE,7,12,5,-2
PETERS STREET,PETERS,STREET,6,12,6,0
PHARIS STREET,PHARIS,STREET,6,12,6,0
PHILLIPS ROAD,PHILLIPS,ROAD,8,12,4,-4
PIERCE STREET,PIERCE,STREET,6,12,6,0
PUTNAM STREET,PUTNAM,STREET,6,12,6,0
RAMSEY AVENUE,RAMSEY,AVENUE,6,12,6,0
RIEGEL STREET,RIEGEL,STREET,6,12,6,0
RIVOLI AVENUE,RIVOLI,AVENUE,6,12,6,0
ROBINEAU ROAD,ROBINEAU,ROAD,8,12,4,-4
ROCKWOOD ROAD,ROCKWOOD,ROAD,8,12,4,-4
RUSKIN AVENUE,RUSKIN,AVENUE,6,12,6,0
RUSSELL PLACE,RUSSELL,PLACE,7,12,5,-2
SABINE STREET,SABINE,STREET,6,12,6,0
SCHOOL STREET,SCHOOL,STREET,6,12,6,0
SEARLWYN ROAD,SEARLWYN,ROAD,8,12,4,-4
SEDGWICK ROAD,SEDGWICK,ROAD,8,12,4,-4
SEELEY AVENUE,SEELEY,AVENUE,6,12,6,0
SENECA STREET,SENECA,STREET,6,12,6,0
SEWARD STREET,SEWARD,STREET,6,12,6,0
SHIRLEY DRIVE,SHIRLEY,DRIVE,7,12,5,-2
SHOTWELL PARK,SHOTWELL,PARK,8,12,4,-4
SHUART AVENUE,SHUART,AVENUE,6,12,6,0
SIDMAN AVENUE,SIDMAN,AVENUE,6,12,6,0
SIDNEY STREET,SIDNEY,STREET,6,12,6,0
SLOCUM AVENUE,SLOCUM,AVENUE,6,12,6,0
SNELL TERRACE,SNELL,TERRACE,5,12,7,2
SOMERSET ROAD,SOMERSET,ROAD,8,12,4,-4
SPRING STREET,SPRING,STREET,6,12,6,0
STADIUM PLACE,STADIUM,PLACE,7,12,5,-2
STEVENS PLACE,STEVENS,PLACE,7,12,5,-2
STEWART COURT,STEWART,COURT,7,12,5,-2
STRONG AVENUE,STRONG,AVENUE,6,12,6,0
SUMMIT AVENUE,SUMMIT,AVENUE,6,12,6,0
SUMNER AVENUE,SUMNER,AVENUE,6,12,6,0
SUNRISE DRIVE,SUNRISE,DRIVE,7,12,5,-2
SUNSET AVENUE,SUNSET,AVENUE,6,12,6,0
SWANSEA DRIVE,SWANSEA,DRIVE,7,12,5,-2
TEMPLE STREET,TEMPLE,STREET,6,12,6,0
THAYER STREET,THAYER,STREET,6,12,6,0
THOMPSON ROAD,THOMPSON,ROAD,8,12,4,-4
THURLOW DRIVE,THURLOW,DRIVE,7,12,5,-2
TRINITY PLACE,TRINITY,PLACE,7,12,5,-2
TRUTH TERRACE,TRUTH,TERRACE,5,12,7,2
TURTLE STREET,TURTLE,STREET,6,12,6,0
ULSTER STREET,ULSTER,STREET,6,12,6,0
VILLAGE DRIVE,VILLAGE,DRIVE,7,12,5,-2
WALNUT AVENUE,WALNUT,AVENUE,6,12,6,0
WALTON STREET,WALTON,STREET,6,12,6,0
WARHAM STREET,WARHAM,STREET,6,12,6,0
WARNER AVENUE,WARNER,AVENUE,6,12,6,0
WELDON AVENUE,WELDON,AVENUE,6,12,6,0
WENTE TERRACE,WENTE,TERRACE,5,12,7,2
WEST END DRIVE,WEST END,DRIVE,7,12,5,-2
WESTMONT ROAD,WESTMONT,ROAD,8,12,4,-4
WESTWOOD ROAD,WESTWOOD,ROAD,8,12,4,-4
WEYMOUTH ROAD,WEYMOUTH,ROAD,8,12,4,-4
WILLIS AVENUE,WILLIS,AVENUE,6,12,6,0
WILMORE PLACE,WILMORE,PLACE,7,12,5,-2
WILSON STREET,WILSON,STREET,6,12,6,0
WINDHAM DRIVE,WINDHAM,DRIVE,7,12,5,-2
WINDSOR PLACE,WINDSOR,PLACE,7,12,5,-2
WINTHROP ROAD,WINTHROP,ROAD,8,12,4,-4
WINTON STREET,WINTON,STREET,6,12,6,0
WORDEN AVENUE,WORDEN,AVENUE,6,12,6,0
XAVIER CIRCLE,XAVIER,CIRCLE,6,12,6,0
ACADEMY STREET,ACADEMY,STREET,7,13,6,-1
ALBERT TERRACE,ALBERT,TERRACE,6,13,7,1
AMHERST AVENUE,AMHERST,AVENUE,7,13,6,-1
ANNETTA STREET,ANNETTA,STREET,7,13,6,-1
ARGYLE TERRACE,ARGYLE,TERRACE,6,13,7,1
ASHDALE AVENUE,ASHDALE,AVENUE,7,13,6,-1
ASHWORTH PLACE,ASHWORTH,PLACE,8,13,5,-3
AVONDALE PLACE,AVONDALE,PLACE,8,13,5,-3
BALDWIN AVENUE,BALDWIN,AVENUE,7,13,6,-1
BALLARD AVENUE,BALLARD,AVENUE,7,13,6,-1
BARRETT STREET,BARRETT,STREET,7,13,6,-1
BASSETT STREET,BASSETT,STREET,7,13,6,-1
BEATTIE STREET,BEATTIE,STREET,7,13,6,-1
BEAUMONT PLACE,BEAUMONT,PLACE,8,13,5,-3
BEECHER STREET,BEECHER,STREET,7,13,6,-1
BELLAIRE PLACE,BELLAIRE,PLACE,8,13,5,-3
BELLSHIRE LANE,BELLSHIRE,LANE,9,13,4,-5
BELMONT STREET,BELMONT,STREET,7,13,6,-1
BERKELEY DRIVE,BERKELEY,DRIVE,8,13,5,-3
BRADLEY STREET,BRADLEY,STREET,7,13,6,-1
BRONSON STREET,BRONSON,STREET,7,13,6,-1
BROOKFORD ROAD,BROOKFORD,ROAD,9,13,4,-5
BROOKLEA DRIVE,BROOKLEA,DRIVE,8,13,5,-3
BROOKLEA PLACE,BROOKLEA,PLACE,8,13,5,-3
BUNKER HILL WAY,BUNKER HILL,WAY,10,13,3,-7
BURDICK AVENUE,BURDICK,AVENUE,7,13,6,-1
CADWELL STREET,CADWELL,STREET,7,13,6,-1
CATAWBA STREET,CATAWBA,STREET,7,13,6,-1
CENTRAL AVENUE,CENTRAL,AVENUE,7,13,6,-1
CHAFFEE AVENUE,CHAFFEE,AVENUE,7,13,6,-1
CHAMPLIN DRIVE,CHAMPLIN,DRIVE,8,13,5,-3
CHANNING PLACE,CHANNING,PLACE,8,13,5,-3
CHAVEZ TERRACE,CHAVEZ,TERRACE,6,13,7,1
CHEMUNG STREET,CHEMUNG,STREET,7,13,6,-1
CHESTER STREET,CHESTER,STREET,7,13,6,-1
CLAYTON AVENUE,CLAYTON,AVENUE,7,13,6,-1
COMSTOCK PLACE,COMSTOCK,PLACE,8,13,5,-3
CONKLIN AVENUE,CONKLIN,AVENUE,7,13,6,-1
CORCORAN COURT,CORCORAN,COURT,8,13,5,-3
CORDOVA STREET,CORDOVA,STREET,7,13,6,-1
CORNELL AVENUE,CORNELL,AVENUE,7,13,6,-1
CORTLAND PLACE,CORTLAND,PLACE,8,13,5,-3
COSSITT STREET,COSSITT,STREET,7,13,6,-1
COSTELLO COURT,COSTELLO,COURT,8,13,5,-3
CRAFTON AVENUE,CRAFTON,AVENUE,7,13,6,-1
CRESLINE DRIVE,CRESLINE,DRIVE,8,13,5,-3
CRIPPEN AVENUE,CRIPPEN,AVENUE,7,13,6,-1
CROTON TERRACE,CROTON,TERRACE,6,13,7,1
CRYSLER STREET,CRYSLER,STREET,7,13,6,-1
CULBERT STREET,CULBERT,STREET,7,13,6,-1
DEARBORN PLACE,DEARBORN,PLACE,8,13,5,-3
DEPALMA AVENUE,DEPALMA,AVENUE,7,13,6,-1
DILLAYE AVENUE,DILLAYE,AVENUE,7,13,6,-1
DIPPOLD AVENUE,DIPPOLD,AVENUE,7,13,6,-1
DOROTHY STREET,DOROTHY,STREET,7,13,6,-1
DOUGALL AVENUE,DOUGALL,AVENUE,7,13,6,-1
DOUGLAS STREET,DOUGLAS,STREET,7,13,6,-1
DURSTON AVENUE,DURSTON,AVENUE,7,13,6,-1
EASTMAN AVENUE,EASTMAN,AVENUE,7,13,6,-1
EDGEMONT DRIVE,EDGEMONT,DRIVE,8,13,5,-3
EDGEWOOD DRIVE,EDGEWOOD,DRIVE,8,13,5,-3
ELLIOTT STREET,ELLIOTT,STREET,7,13,6,-1
ELMWOOD AVENUE,ELMWOOD,AVENUE,7,13,6,-1
ELOISE TERRACE,ELOISE,TERRACE,6,13,7,1
EMERSON AVENUE,EMERSON,AVENUE,7,13,6,-1
ENGLERT AVENUE,ENGLERT,AVENUE,7,13,6,-1
EUCLID TERRACE,EUCLID,TERRACE,6,13,7,1
EVALEEN AVENUE,EVALEEN,AVENUE,7,13,6,-1
FELLOWS AVENUE,FELLOWS,AVENUE,7,13,6,-1
FERNDALE DRIVE,FERNDALE,DRIVE,8,13,5,-3
FINEVIEW PLACE,FINEVIEW,PLACE,8,13,5,-3
FLORAL PARKWAY,FLORAL,PARKWAY,6,13,7,1
GANNETT AVENUE,GANNETT,AVENUE,7,13,6,-1
GARFIELD PLACE,GARFIELD,PLACE,8,13,5,-3
GIFFORD STREET,GIFFORD,STREET,7,13,6,-1
GILBERT AVENUE,GILBERT,AVENUE,7,13,6,-1
GILBERT STREET,GILBERT,STREET,7,13,6,-1
GIMINSKI DRIVE,GIMINSKI,DRIVE,8,13,5,-3
GORLAND AVENUE,GORLAND,AVENUE,7,13,6,-1
GRANGER STREET,GRANGER,STREET,7,13,6,-1
GRIFFIN STREET,GRIFFIN,STREET,7,13,6,-1
HAFFENDEN ROAD,HAFFENDEN,ROAD,9,13,4,-5
HAMPSHIRE ROAD,HAMPSHIRE,ROAD,9,13,4,-5
HARDING STREET,HARDING,STREET,7,13,6,-1
HARRISON PLACE,HARRISON,PLACE,8,13,5,-3
HARTLEY STREET,HARTLEY,STREET,7,13,6,-1
HARTSON STREET,HARTSON,STREET,7,13,6,-1
HARWOOD AVENUE,HARWOOD,AVENUE,7,13,6,-1
HASTINGS PLACE,HASTINGS,PLACE,8,13,5,-3
HENSBERRY ROAD,HENSBERRY,ROAD,9,13,4,-5
HERBERT STREET,HERBERT,STREET,7,13,6,-1
HIAWATHA PLACE,HIAWATHA,PLACE,8,13,5,-3
HICKORY STREET,HICKORY,STREET,7,13,6,-1
HIGHLAND PLACE,HIGHLAND,PLACE,8,13,5,-3
HILLCREST ROAD,HILLCREST,ROAD,9,13,4,-5
HOEFLER STREET,HOEFLER,STREET,7,13,6,-1
HOLLAND STREET,HOLLAND,STREET,7,13,6,-1
HOMECROFT ROAD,HOMECROFT,ROAD,9,13,4,-5
HOUSTON AVENUE,HOUSTON,AVENUE,7,13,6,-1
HUBBELL AVENUE,HUBBELL,AVENUE,7,13,6,-1
HUNTLEY STREET,HUNTLEY,STREET,7,13,6,-1
IRON PIER DRIVE,IRON PIER,DRIVE,8,13,5,-3
JACKSON STREET,JACKSON,STREET,7,13,6,-1
KANDACE STREET,KANDACE,STREET,7,13,6,-1
KELLOGG STREET,KELLOGG,STREET,7,13,6,-1
KENMORE AVENUE,KENMORE,AVENUE,7,13,6,-1
KENWOOD AVENUE,KENWOOD,AVENUE,7,13,6,-1
KINCAID AVENUE,KINCAID,AVENUE,7,13,6,-1
KINGSLEY PLACE,KINGSLEY,PLACE,8,13,5,-3
KIRK PARK DRIVE,KIRK PARK,DRIVE,8,13,5,-3
KIRKWOOD PLACE,KIRKWOOD,PLACE,8,13,5,-3
LAFAYETTE ROAD,LAFAYETTE,ROAD,9,13,4,-5
LAFORTE AVENUE,LAFORTE,AVENUE,7,13,6,-1
LANDMARK PLACE,LANDMARK,PLACE,8,13,5,-3
LEMOYNE AVENUE,LEMOYNE,AVENUE,7,13,6,-1
LEWISTON DRIVE,LEWISTON,DRIVE,8,13,5,-3
LIBERTY STREET,LIBERTY,STREET,7,13,6,-1
LILLIAN AVENUE,LILLIAN,AVENUE,7,13,6,-1
LINCOLN AVENUE,LINCOLN,AVENUE,7,13,6,-1
LISTMAN AVENUE,LISTMAN,AVENUE,7,13,6,-1
LOCKESLEY ROAD,LOCKESLEY,ROAD,9,13,4,-5
LOMBARD AVENUE,LOMBARD,AVENUE,7,13,6,-1
LYNWOOD AVENUE,LYNWOOD,AVENUE,7,13,6,-1
MADISON STREET,MADISON,STREET,7,13,6,-1
MALCOLM STREET,MALCOLM,STREET,7,13,6,-1
MALTBIE STREET,MALTBIE,STREET,7,13,6,-1
MALVERNE DRIVE,MALVERNE,DRIVE,8,13,5,-3
MANILLA STREET,MANILLA,STREET,7,13,6,-1
MARLETT STREET,MARLETT,STREET,7,13,6,-1
MASSENA STREET,MASSENA,STREET,7,13,6,-1
MAURICE AVENUE,MAURICE,AVENUE,7,13,6,-1
MAXWELL AVENUE,MAXWELL,AVENUE,7,13,6,-1
MCCLURE AVENUE,MCCLURE,AVENUE,7,13,6,-1
MELROSE AVENUE,MELROSE,AVENUE,7,13,6,-1
MERRILL STREET,MERRILL,STREET,7,13,6,-1
MERRITT AVENUE,MERRITT,AVENUE,7,13,6,-1
MERTENS AVENUE,MERTENS,AVENUE,7,13,6,-1
MIDLAND AVENUE,MIDLAND,AVENUE,7,13,6,-1
MILDRED AVENUE,MILDRED,AVENUE,7,13,6,-1
MINERVA STREET,MINERVA,STREET,7,13,6,-1
MONTANA STREET,MONTANA,STREET,7,13,6,-1
NIAGARA STREET,NIAGARA,STREET,7,13,6,-1
NICHOLS AVENUE,NICHOLS,AVENUE,7,13,6,-1
NORMANOR DRIVE,NORMANOR,DRIVE,8,13,5,-3
NORWOOD AVENUE,NORWOOD,AVENUE,7,13,6,-1
OAKLAND STREET,OAKLAND,STREET,7,13,6,-1
OAKWOOD AVENUE,OAKWOOD,AVENUE,7,13,6,-1
ONTARIO STREET,ONTARIO,STREET,7,13,6,-1
ORISKANY DRIVE,ORISKANY,DRIVE,8,13,5,-3
ORLANDO AVENUE,ORLANDO,AVENUE,7,13,6,-1
OVERLOOK DRIVE,OVERLOOK,DRIVE,8,13,5,-3
PACIFIC AVENUE,PACIFIC,AVENUE,7,13,6,-1
PLYMOUTH DRIVE,PLYMOUTH,DRIVE,8,13,5,-3
PULASKI STREET,PULASKI,STREET,7,13,6,-1
RADCLIFFE ROAD,RADCLIFFE,ROAD,9,13,4,-5
RADISSON COURT,RADISSON,COURT,8,13,5,-3
RANDALL AVENUE,RANDALL,AVENUE,7,13,6,-1
RAYMOND AVENUE,RAYMOND,AVENUE,7,13,6,-1
REDFIELD PLACE,REDFIELD,PLACE,8,13,5,-3
RENWICK AVENUE,RENWICK,AVENUE,7,13,6,-1
ROBERTS AVENUE,ROBERTS,AVENUE,7,13,6,-1
ROCKFORD DRIVE,ROCKFORD,DRIVE,8,13,5,-3
ROCKWOOD PLACE,ROCKWOOD,PLACE,8,13,5,-3
ROSEMONT DRIVE,ROSEMONT,DRIVE,8,13,5,-3
ROWLAND STREET,ROWLAND,STREET,7,13,6,-1
SACKETT STREET,SACKETT,STREET,7,13,6,-1
SALISBURY ROAD,SALISBURY,ROAD,9,13,4,-5
SALT SHED DRIVE,SALT SHED,DRIVE,8,13,5,-3
SCHOECK AVENUE,SCHOECK,AVENUE,7,13,6,-1
SCHULER STREET,SCHULER,STREET,7,13,6,-1
SEDGWICK DRIVE,SEDGWICK,DRIVE,8,13,5,-3
SEYMOUR STREET,SEYMOUR,STREET,7,13,6,-1
SHELDON AVENUE,SHELDON,AVENUE,7,13,6,-1
SHERIDAN DRIVE,SHERIDAN,DRIVE,8,13,5,-3
SHERIDAN PLACE,SHERIDAN,PLACE,8,13,5,-3
SHERMAN STREET,SHERMAN,STREET,7,13,6,-1
SHOECRAFT ROAD,SHOECRAFT,ROAD,9,13,4,-5
SLAYTON AVENUE,SLAYTON,AVENUE,7,13,6,-1
SPENCER STREET,SPENCER,STREET,7,13,6,-1
STANDISH DRIVE,STANDISH,DRIVE,8,13,5,-3
STEDMAN STREET,STEDMAN,STREET,7,13,6,-1
STEUBEN STREET,STEUBEN,STREET,7,13,6,-1
STEVENS AVENUE,STEVENS,AVENUE,7,13,6,-1
STINARD AVENUE,STINARD,AVENUE,7,13,6,-1
SUNNYSIDE ROAD,SUNNYSIDE,ROAD,9,13,4,-5
TALLMAN STREET,TALLMAN,STREET,7,13,6,-1
THURBER STREET,THURBER,STREET,7,13,6,-1
TOWNSEND PLACE,TOWNSEND,PLACE,8,13,5,-3
TRAFFIC CIRCLE,TRAFFIC CIRCLE,,13,13,0,-13
VICTORIA PLACE,VICTORIA,PLACE,8,13,5,-3
VINCENT STREET,VINCENT,STREET,7,13,6,-1
WALLACE STREET,WALLACE,STREET,7,13,6,-1
WAVERLY AVENUE,WAVERLY,AVENUE,7,13,6,-1
WEBSTER AVENUE,WEBSTER,AVENUE,7,13,6,-1
WELLESLEY ROAD,WELLESLEY,ROAD,9,13,4,-5
WHITWELL DRIVE,WHITWELL,DRIVE,8,13,5,-3
WILLUMAE DRIVE,WILLUMAE,DRIVE,8,13,5,-3
WINDEMERE ROAD,WINDEMERE,ROAD,9,13,4,-5
WOLCOTT AVENUE,WOLCOTT,AVENUE,7,13,6,-1
WOODSIDE DRIVE,WOODSIDE,DRIVE,8,13,5,-3
WYOMING STREET,WYOMING,STREET,7,13,6,-1
ACKERMAN AVENUE,ACKERMAN,AVENUE,8,14,6,-2
ANDERSON AVENUE,ANDERSON,AVENUE,8,14,6,-2
ANGELOU TERRACE,ANGELOU,TERRACE,7,14,7,0
ARMSTRONG PLACE,ARMSTRONG,PLACE,9,14,5,-4
ATKINSON AVENUE,ATKINSON,AVENUE,8,14,6,-2
ATLANTIC AVENUE,ATLANTIC,AVENUE,8,14,6,-2
AUDUBON PARKWAY,AUDUBON,PARKWAY,7,14,7,0
BALLANTYNE ROAD,BALLANTYNE,ROAD,10,14,4,-6
BARRINGTON ROAD,BARRINGTON,ROAD,10,14,4,-6
BELLEVUE AVENUE,BELLEVUE,AVENUE,8,14,6,-2
BENEDICT AVENUE,BENEDICT,AVENUE,8,14,6,-2
BRADFORD STREET,BRADFORD,STREET,8,14,6,-2
BROADVIEW DRIVE,BROADVIEW,DRIVE,9,14,5,-4
BROOKSIDE DRIVE,BROOKSIDE,DRIVE,9,14,5,-4
BURLINGAME ROAD,BURLINGAME,ROAD,10,14,4,-6
CADILLAC STREET,CADILLAC,STREET,8,14,6,-2
CARLISLE STREET,CARLISLE,STREET,8,14,6,-2
CHARMOUTH DRIVE,CHARMOUTH,DRIVE,9,14,5,-4
CHENNAULT DRIVE,CHENNAULT,DRIVE,9,14,5,-4
CLARENCE AVENUE,CLARENCE,AVENUE,8,14,6,-2
CLIFFSIDE DRIVE,CLIFFSIDE,DRIVE,9,14,5,-4
COLDBROOK DRIVE,COLDBROOK,DRIVE,9,14,5,-4
COLUMBIA AVENUE,COLUMBIA,AVENUE,8,14,6,-2
COLUMBUS AVENUE,COLUMBUS,AVENUE,8,14,6,-2
COMSTOCK AVENUE,COMSTOCK,AVENUE,8,14,6,-2
CONGRESS AVENUE,CONGRESS,AVENUE,8,14,6,-2
COOLIDGE AVENUE,COOLIDGE,AVENUE,8,14,6,-2
CORTLAND AVENUE,CORTLAND,AVENUE,8,14,6,-2
COUGHLIN AVENUE,COUGHLIN,AVENUE,8,14,6,-2
CRADDOCK STREET,CRADDOCK,STREET,8,14,6,-2
CRAWFORD AVENUE,CRAWFORD,AVENUE,8,14,6,-2
CREHANGE STREET,CREHANGE,STREET,8,14,6,-2
CRESCENT AVENUE,CRESCENT,AVENUE,8,14,6,-2
CRESTVIEW DRIVE,CRESTVIEW,DRIVE,9,14,5,-4
CROSSETT STREET,CROSSETT,STREET,8,14,6,-2
CUMMINGS AVENUE,CUMMINGS,AVENUE,8,14,6,-2
DANFORTH STREET,DANFORTH,STREET,8,14,6,-2
DARLINGTON ROAD,DARLINGTON,ROAD,10,14,4,-6
DELAWARE STREET,DELAWARE,STREET,8,14,6,-2
DRISCOLL AVENUE,DRISCOLL,AVENUE,8,14,6,-2
DUPLI PARK DRIVE,DUPLI PARK,DRIVE,9,14,5,-4
EAST DALE STREET,DALE,STREET,4,14,6,2
EAST GLEN AVENUE,GLEN,AVENUE,4,14,6,2
EASTVIEW AVENUE,EASTVIEW,AVENUE,8,14,6,-2
EDGEWOOD AVENUE,EDGEWOOD,AVENUE,8,14,6,-2
ELDORADO STREET,ELDORADO,STREET,8,14,6,-2
ELMHURST AVENUE,ELMHURST,AVENUE,8,14,6,-2
ERICKSON STREET,ERICKSON,STREET,8,14,6,-2
EXCHANGE STREET,EXCHANGE,STREET,8,14,6,-2
FAIRDALE AVENUE,FAIRDALE,AVENUE,8,14,6,-2
FAIRVIEW AVENUE,FAIRVIEW,AVENUE,8,14,6,-2
FERNWOOD AVENUE,FERNWOOD,AVENUE,8,14,6,-2
FILLMORE AVENUE,FILLMORE,AVENUE,8,14,6,-2
FLETCHER AVENUE,FLETCHER,AVENUE,8,14,6,-2
FORDLAND AVENUE,FORDLAND,AVENUE,8,14,6,-2
FOUNTAIN STREET,FOUNTAIN,STREET,8,14,6,-2
GARFIELD AVENUE,GARFIELD,AVENUE,8,14,6,-2
GEBHARDT AVENUE,GEBHARDT,AVENUE,8,14,6,-2
GERTRUDE STREET,GERTRUDE,STREET,8,14,6,-2
GIFFORD PARKWAY,GIFFORD,PARKWAY,7,14,7,0
GLENWOOD AVENUE,GLENWOOD,AVENUE,8,14,6,-2
GOODRICH AVENUE,GOODRICH,AVENUE,8,14,6,-2
GRANT BOULEVARD,GRANT,BOULEVARD,5,14,9,4
GRASSMAN AVENUE,GRASSMAN,AVENUE,8,14,6,-2
GREENLAND DRIVE,GREENLAND,DRIVE,9,14,5,-4
GREENWAY AVENUE,GREENWAY,AVENUE,8,14,6,-2
GREENWOOD PLACE,GREENWOOD,PLACE,9,14,5,-4
GRUMBACH AVENUE,GRUMBACH,AVENUE,8,14,6,-2
HAMILTON STREET,HAMILTON,STREET,8,14,6,-2
HARRINGTON ROAD,HARRINGTON,ROAD,10,14,4,-6
HARRISON STREET,HARRISON,STREET,8,14,6,-2
HERKIMER STREET,HERKIMER,STREET,8,14,6,-2
HERRIMAN STREET,HERRIMAN,STREET,8,14,6,-2
HERTFORD STREET,HERTFORD,STREET,8,14,6,-2
HIGHLAND AVENUE,HIGHLAND,AVENUE,8,14,6,-2
HIGHLAND STREET,HIGHLAND,STREET,8,14,6,-2
HIGHRIDGE DRIVE,HIGHRIDGE,DRIVE,9,14,5,-4
HIGHRIDGE PLACE,HIGHRIDGE,PLACE,9,14,5,-4
HILLSBORO PLACE,HILLSBORO,PLACE,9,14,5,-4
HILLSIDE STREET,HILLSIDE,STREET,8,14,6,-2
HILLVIEW AVENUE,HILLVIEW,AVENUE,8,14,6,-2
HUNTINGTON ROAD,HUNTINGTON,ROAD,10,14,4,-6
INVERNESS PLACE,INVERNESS,PLACE,9,14,5,-4
ISABELLA STREET,ISABELLA,STREET,8,14,6,-2
JAMES HEATH ROAD,JAMES HEATH,ROAD,10,14,4,-6
KENSINGTON ROAD,KENSINGTON,ROAD,10,14,4,-6
LAKEVIEW AVENUE,LAKEVIEW,AVENUE,8,14,6,-2
LANCASTER PLACE,LANCASTER,PLACE,9,14,5,-4
LATIMER TERRACE,LATIMER,TERRACE,7,14,7,0
LAWRENCE STREET,LAWRENCE,STREET,8,14,6,-2
LINWILL TERRACE,LINWILL,TERRACE,7,14,7,0
LORRAINE AVENUE,LORRAINE,AVENUE,8,14,6,-2
MAGNOLIA STREET,MAGNOLIA,STREET,8,14,6,-2
MARGINAL STREET,MARGINAL,STREET,8,14,6,-2
MARIPOSA STREET,MARIPOSA,STREET,8,14,6,-2
MARJORIE STREET,MARJORIE,STREET,8,14,6,-2
MARKLAND AVENUE,MARKLAND,AVENUE,8,14,6,-2
MARSHALL STREET,MARSHALL,STREET,8,14,6,-2
MARYLAND AVENUE,MARYLAND,AVENUE,8,14,6,-2
MCCARTHY AVENUE,MCCARTHY,AVENUE,8,14,6,-2
MCKINLEY AVENUE,MCKINLEY,AVENUE,8,14,6,-2
MCLENNAN AVENUE,MCLENNAN,AVENUE,8,14,6,-2
MERRIMAN AVENUE,MERRIMAN,AVENUE,8,14,6,-2
MICHAELS AVENUE,MICHAELS,AVENUE,8,14,6,-2
MICHAELS CIRCLE,MICHAELS,CIRCLE,8,14,6,-2
MITCHELL AVENUE,MITCHELL,AVENUE,8,14,6,-2
MONTROSE AVENUE,MONTROSE,AVENUE,8,14,6,-2
NBT BANK PARKWAY,NBT BANK,PARKWAY,7,14,7,0
NORTHWAY STREET,NORTHWAY,STREET,8,14,6,-2
NOTTINGHAM ROAD,NOTTINGHAM,ROAD,10,14,4,-6
ONONDAGA AVENUE,ONONDAGA,AVENUE,8,14,6,-2
PARKSIDE AVENUE,PARKSIDE,AVENUE,8,14,6,-2
PARKVIEW AVENUE,PARKVIEW,AVENUE,8,14,6,-2
PATTISON STREET,PATTISON,STREET,8,14,6,-2
PERSHING AVENUE,PERSHING,AVENUE,8,14,6,-2
PRIMROSE AVENUE,PRIMROSE,AVENUE,8,14,6,-2
PROSPECT AVENUE,PROSPECT,AVENUE,8,14,6,-2
RANDOLPH STREET,RANDOLPH,STREET,8,14,6,-2
RESTORATION WAY,RESTORATION,WAY,11,14,3,-8
RICHMOND AVENUE,RICHMOND,AVENUE,8,14,6,-2
RIDGEWAY AVENUE,RIDGEWAY,AVENUE,8,14,6,-2
RIDGEWOOD DRIVE,RIDGEWOOD,DRIVE,9,14,5,-4
RIVERDALE DRIVE,RIVERDALE,DRIVE,9,14,5,-4
ROBINCROFT ROAD,ROBINCROFT,ROAD,10,14,4,-6
ROBINSON STREET,ROBINSON,STREET,8,14,6,-2
ROCKLAND AVENUE,ROCKLAND,AVENUE,8,14,6,-2
ROSEWOOD STREET,ROSEWOOD,STREET,8,14,6,-2
SAINT ANNE DRIVE,SAINT ANNE,DRIVE,9,14,5,-4
SCHILLER AVENUE,SCHILLER,AVENUE,8,14,6,-2
SCHOENECK COURT,SCHOENECK,COURT,9,14,5,-4
SCHUYLER STREET,SCHUYLER,STREET,8,14,6,-2
SCOVILLE AVENUE,SCOVILLE,AVENUE,8,14,6,-2
SEDGWICK STREET,SEDGWICK,STREET,8,14,6,-2
SHERBOURNE ROAD,SHERBOURNE,ROAD,10,14,4,-6
SHERBROOKE ROAD,SHERBROOKE,ROAD,10,14,4,-6
SHERWOOD AVENUE,SHERWOOD,AVENUE,8,14,6,-2
SHONNARD STREET,SHONNARD,STREET,8,14,6,-2
STAFFORD AVENUE,STAFFORD,AVENUE,8,14,6,-2
STANDART STREET,STANDART,STREET,8,14,6,-2
STERLING AVENUE,STERLING,AVENUE,8,14,6,-2
STRATHMORE ROAD,STRATHMORE,ROAD,10,14,4,-6
SUNHILL TERRACE,SUNHILL,TERRACE,7,14,7,0
SUNNYCREST ROAD,SUNNYCREST,ROAD,10,14,4,-6
SUNSTRUCK DRIVE,SUNSTRUCK,DRIVE,9,14,5,-4
SWEETING STREET,SWEETING,STREET,8,14,6,-2
SYRACUSE STREET,SYRACUSE,STREET,8,14,6,-2
TECUMSEH STREET,TECUMSEH,STREET,8,14,6,-2
TENNYSON AVENUE,TENNYSON,AVENUE,8,14,6,-2
TEX SIMONE DRIVE,TEX SIMONE,DRIVE,9,14,5,-4
TOMPKINS STREET,TOMPKINS,STREET,8,14,6,-2
TWIN HILLS DRIVE,TWIN HILLS,DRIVE,9,14,5,-4
VAN BUREN STREET,VAN BUREN,STREET,8,14,6,-2
WENDELL TERRACE,WENDELL,TERRACE,7,14,7,0
WEST BEAR STREET,BEAR,STREET,4,14,6,2
WEST GLEN AVENUE,GLEN,AVENUE,4,14,6,2
WESTCOTT STREET,WESTCOTT,STREET,8,14,6,-2
WHITTIER AVENUE,WHITTIER,AVENUE,8,14,6,-2
WILLIAMS STREET,WILLIAMS,STREET,8,14,6,-2
WOLCOTT TERRACE,WOLCOTT,TERRACE,7,14,7,0
WOODBINE AVENUE,WOODBINE,AVENUE,8,14,6,-2
WOODLAND AVENUE,WOODLAND,AVENUE,8,14,6,-2
WOODRUFF AVENUE,WOODRUFF,AVENUE,8,14,6,-2
ABERDEEN TERRACE,ABERDEEN,TERRACE,8,15,7,-1
ALEXANDER AVENUE,ALEXANDER,AVENUE,9,15,6,-3
ARLINGTON AVENUE,ARLINGTON,AVENUE,9,15,6,-3
BELLEVUE TERRACE,BELLEVUE,TERRACE,8,15,7,-1
BENNINGTON DRIVE,BENNINGTON,DRIVE,10,15,5,-5
BERKSHIRE AVENUE,BERKSHIRE,AVENUE,9,15,6,-3
BRADFORD PARKWAY,BRADFORD,PARKWAY,8,15,7,-1
BUNGALOW TERRACE,BUNGALOW,TERRACE,8,15,7,-1
BURNET PARK DRIVE,BURNET PARK,DRIVE,10,15,5,-5
BUTTERNUT STREET,BUTTERNUT,STREET,9,15,6,-3
CAMBRIDGE STREET,CAMBRIDGE,STREET,9,15,6,-3
CATHERINE STREET,CATHERINE,STREET,9,15,6,-3
CENTENNIAL DRIVE,CENTENNIAL,DRIVE,10,15,5,-5
CHARLOTTE STREET,CHARLOTTE,STREET,9,15,6,-3
CHURCHILL AVENUE,CHURCHILL,AVENUE,9,15,6,-3
CLARENDON STREET,CLARENDON,STREET,9,15,6,-3
CLEVELAND AVENUE,CLEVELAND,AVENUE,9,15,6,-3
COLERIDGE AVENUE,COLERIDGE,AVENUE,9,15,6,-3
CUMBERLAND PLACE,CUMBERLAND,PLACE,10,15,5,-5
DANFORTH TERRACE,DANFORTH,TERRACE,8,15,7,-1
DESTINY USA DRIVE,DESTINY USA,DRIVE,10,15,5,-5
DICKERSON STREET,DICKERSON,STREET,9,15,6,-3
EAST ADAMS STREET,ADAMS,STREET,5,15,6,1
EAST BEARD AVENUE,BEARD,AVENUE,5,15,6,1
EAST WATER STREET,WATER,STREET,5,15,6,1
ELIZABETH STREET,ELIZABETH,STREET,9,15,6,-3
ENGLEWOOD AVENUE,ENGLEWOOD,AVENUE,9,15,6,-3
FAIRFIELD AVENUE,FAIRFIELD,AVENUE,9,15,6,-3
FOREST EDGE DRIVE,FOREST EDGE,DRIVE,10,15,5,-5
FOREST HILL DRIVE,FOREST HILL,DRIVE,10,15,5,-5
GRANDVIEW AVENUE,GRANDVIEW,AVENUE,9,15,6,-3
GRANVILLE STREET,GRANVILLE,STREET,9,15,6,-3
GRIFFITHS STREET,GRIFFITHS,STREET,9,15,6,-3
HARBORSIDE DRIVE,HARBORSIDE,DRIVE,10,15,5,-5
HARRIETTE AVENUE,HARRIETTE,AVENUE,9,15,6,-3
HASBROUCK STREET,HASBROUCK,STREET,9,15,6,-3
HAWTHORNE STREET,HAWTHORNE,STREET,9,15,6,-3
HAZELWOOD AVENUE,HAZELWOOD,AVENUE,9,15,6,-3
HENDERSON STREET,HENDERSON,STREET,9,15,6,-3
HIGHPOINT STREET,HIGHPOINT,STREET,9,15,6,-3
HILLSDALE AVENUE,HILLSDALE,AVENUE,9,15,6,-3
JOSEPHINE STREET,JOSEPHINE,STREET,9,15,6,-3
KAPPESSER STREET,KAPPESSER,STREET,9,15,6,-3
KENSINGTON PLACE,KENSINGTON,PLACE,10,15,5,-5
LANCASTER AVENUE,LANCASTER,AVENUE,9,15,6,-3
LEXINGTON AVENUE,LEXINGTON,AVENUE,9,15,6,-3
LONGMEADOW DRIVE,LONGMEADOW,DRIVE,10,15,5,-5
MACDOUGALL PLACE,MACDOUGALL,PLACE,10,15,5,-5
MAPLEWOOD AVENUE,MAPLEWOOD,AVENUE,9,15,6,-3
MARCELLUS STREET,MARCELLUS,STREET,9,15,6,-3
MARLBOROUGH ROAD,MARLBOROUGH,ROAD,11,15,4,-7
MARQUETTE STREET,MARQUETTE,STREET,9,15,6,-3
MCCORMICK AVENUE,MCCORMICK,AVENUE,9,15,6,-3
MELBOURNE AVENUE,MELBOURNE,AVENUE,9,15,6,-3
MULBERRY TERRACE,MULBERRY,TERRACE,8,15,7,-1
NORTH WEST STREET,WEST,STREET,4,15,6,2
NORTHCLIFFE ROAD,NORTHCLIFFE,ROAD,11,15,4,-7
OAKLEY DRIVE EAST,OAKLEY,DRIVE,6,15,5,-1
ONONDAGA TERRACE,ONONDAGA,TERRACE,8,15,7,-1
OSWEGO BOULEVARD,OSWEGO,BOULEVARD,6,15,9,3
PINE GROVE STREET,PINE GROVE,STREET,9,15,6,-3
PRINCETON AVENUE,PRINCETON,AVENUE,9,15,6,-3
REMINGTON AVENUE,REMINGTON,AVENUE,9,15,6,-3
RICHFIELD AVENUE,RICHFIELD,AVENUE,9,15,6,-3
ROOSEVELT AVENUE,ROOSEVELT,AVENUE,9,15,6,-3
SALT SPRINGS ROAD,SALT SPRINGS,ROAD,11,15,4,-7
SCHNEIDER STREET,SCHNEIDER,STREET,9,15,6,-3
SHELBOURNE PLACE,SHELBOURNE,PLACE,10,15,5,-5
SOUTH WEST STREET,WEST,STREET,4,15,6,2
SPAULDING AVENUE,SPAULDING,AVENUE,9,15,6,-3
SPRINGFIELD ROAD,SPRINGFIELD,ROAD,11,15,4,-7
STONERIDGE DRIVE,STONERIDGE,DRIVE,10,15,5,-5
STRATFORD STREET,STRATFORD,STREET,9,15,6,-3
STRATHMORE DRIVE,STRATHMORE,DRIVE,10,15,5,-5
SYCAMORE TERRACE,SYCAMORE,TERRACE,8,15,7,-1
THURGOOD TERRACE,THURGOOD,TERRACE,8,15,7,-1
UNIVERSITY PLACE,UNIVERSITY,PLACE,10,15,5,-5
VALLEY VIEW DRIVE,VALLEY VIEW,DRIVE,10,15,5,-5
WADSWORTH STREET,WADSWORTH,STREET,9,15,6,-3
WEBSTERS LANDING,WEBSTERS,LANDING,8,15,7,-1
WELLINGTON PLACE,WELLINGTON,PLACE,10,15,5,-5
WEST ADAMS STREET,ADAMS,STREET,5,15,6,1
WEST BEARD AVENUE,BEARD,AVENUE,5,15,6,1
WEST COURT STREET,COURT,STREET,5,15,6,1
WEST HIGH TERRACE,HIGH,TERRACE,4,15,7,3
WEST SCOTT AVENUE,SCOTT,AVENUE,5,15,6,1
WEST WATER STREET,WATER,STREET,5,15,6,1
WILKINSON STREET,WILKINSON,STREET,9,15,6,-3
WILLISTON AVENUE,WILLISTON,AVENUE,9,15,6,-3
WOODLAWN TERRACE,WOODLAWN,TERRACE,8,15,7,-1
BERNIE BLAKE DRIVE,BERNIE BLAKE,DRIVE,11,16,5,-6
BUCKINGHAM AVENUE,BUCKINGHAM,AVENUE,10,16,6,-4
CLAIRMONTE AVENUE,CLAIRMONTE,AVENUE,10,16,6,-4
CLOVER RIDGE DRIVE,CLOVER RIDGE,DRIVE,11,16,5,-6
COYKENDALL AVENUE,COYKENDALL,AVENUE,10,16,6,-4
CRESTVIEW TERRACE,CRESTVIEW,TERRACE,9,16,7,-2
CUMBERLAND AVENUE,CUMBERLAND,AVENUE,10,16,6,-4
DORCHESTER AVENUE,DORCHESTER,AVENUE,10,16,6,-4
EAST BELDEN AVENUE,BELDEN,AVENUE,6,16,6,0
EAST BORDEN AVENUE,BORDEN,AVENUE,6,16,6,0
EAST COLVIN STREET,COLVIN,STREET,6,16,6,0
EAST LAUREL STREET,LAUREL,STREET,6,16,6,0
EAST MATSON AVENUE,MATSON,AVENUE,6,16,6,0
EAST NEWELL STREET,NEWELL,STREET,6,16,6,0
EAST RAYNOR AVENUE,RAYNOR,AVENUE,6,16,6,0
EAST TAYLOR STREET,TAYLOR,STREET,6,16,6,0
EAST WILLOW STREET,WILLOW,STREET,6,16,6,0
FARMERS MARKET WAY,FARMERS MARKET,WAY,13,16,3,-10
FAYETTE BOULEVARD,FAYETTE,BOULEVARD,7,16,9,2
FIRST NORTH STREET,FIRST NORTH,STREET,10,16,6,-4
GENESEE PARK DRIVE,GENESEE PARK,DRIVE,11,16,5,-6
GREEN STREET ANNEX,GREEN STREET,ANNEX,11,16,5,-6
GREEN STREET COURT,GREEN STREET,COURT,11,16,5,-6
GREEN STREET PLACE,GREEN STREET,PLACE,11,16,5,-6
HAZELHURST AVENUE,HAZELHURST,AVENUE,10,16,6,-4
HILLSBORO PARKWAY,HILLSBORO,PARKWAY,9,16,7,-2
HUGHES PLACE NORTH,HUGHES,PLACE,6,16,5,-1
HUTCHINSON AVENUE,HUTCHINSON,AVENUE,10,16,6,-4
JAMESVILLE AVENUE,JAMESVILLE,AVENUE,10,16,6,-4
LINCOLN PARK DRIVE,LINCOLN PARK,DRIVE,11,16,5,-6
LIVINGSTON AVENUE,LIVINGSTON,AVENUE,10,16,6,-4
LONGMEADOW CIRCLE,LONGMEADOW,CIRCLE,10,16,6,-4
LUDDINGTON STREET,LUDDINGTON,STREET,10,16,6,-4
MANLEY FIELD HOUSE,MANLEY FIELD HOUSE,,16,16,0,-16
MAPLEHURST AVENUE,MAPLEHURST,AVENUE,10,16,6,-4
MARGUERITE AVENUE,MARGUERITE,AVENUE,10,16,6,-4
MCALLISTER AVENUE,MCALLISTER,AVENUE,10,16,6,-4
MEADOWBROOK DRIVE,MEADOWBROOK,DRIVE,11,16,5,-6
MILFORD DRIVE EAST,MILFORD,DRIVE,7,16,5,-2
MILFORD DRIVE WEST,MILFORD,DRIVE,7,16,5,-2
MILTON AVENUE SPUR,MILTON,AVENUE,6,16,6,0
MONTGOMERY STREET,MONTGOMERY,STREET,10,16,6,-4
NORTH BEECH STREET,BEECH,STREET,5,16,6,1
NORTH STATE STREET,STATE,STREET,5,16,6,1
OLD LIVERPOOL ROAD,OLD LIVERPOOL,ROAD,12,16,4,-8
PAVILLION TERRACE,PAVILLION,TERRACE,9,16,7,-2
RICHARDSON AVENUE,RICHARDSON,AVENUE,10,16,6,-4
SAINT LOUIS AVENUE,SAINT LOUIS,AVENUE,10,16,6,-4
SAINT MARKS AVENUE,SAINT MARKS,AVENUE,10,16,6,-4
SCOTTHOLM TERRACE,SCOTTHOLM,TERRACE,9,16,7,-2
SIXTH NORTH STREET,SIXTH NORTH,STREET,10,16,6,-4
SOUTH AVERY AVENUE,AVERY,AVENUE,5,16,6,1
SOUTH BEECH STREET,BEECH,STREET,5,16,6,1
SOUTH ORCHARD ROAD,ORCHARD,ROAD,7,16,4,-3
SOUTH STATE STREET,STATE,STREET,5,16,6,1
UNIVERSITY AVENUE,UNIVERSITY,AVENUE,10,16,6,-4
WAINWRIGHT AVENUE,WAINWRIGHT,AVENUE,10,16,6,-4
WASHINGTON SQUARE,WASHINGTON,SQUARE,10,16,6,-4
WEST BELDEN AVENUE,BELDEN,AVENUE,6,16,6,0
WEST BORDEN AVENUE,BORDEN,AVENUE,6,16,6,0
WEST COLVIN STREET,COLVIN,STREET,6,16,6,0
WEST LAUREL STREET,LAUREL,STREET,6,16,6,0
WEST MATSON AVENUE,MATSON,AVENUE,6,16,6,0
WEST NEWELL STREET,NEWELL,STREET,6,16,6,0
WEST TAYLOR STREET,TAYLOR,STREET,6,16,6,0
WEST WILLOW STREET,WILLOW,STREET,6,16,6,0
WINDING RIDGE ROAD,WINDING RIDGE,ROAD,12,16,4,-8
WINKWORTH PARKWAY,WINKWORTH,PARKWAY,9,16,7,-2
CHINOOK DRIVE SOUTH,CHINOOK,DRIVE,7,17,5,-2
CONSERVATION PLACE,CONSERVATION,PLACE,12,17,5,-7
EAST BISSELL STREET,BISSELL,STREET,7,17,6,-1
EAST CATHROP AVENUE,CATHROP,AVENUE,7,17,6,-1
EAST CHAFFEE AVENUE,CHAFFEE,AVENUE,7,17,6,-1
EAST CORNING AVENUE,CORNING,AVENUE,7,17,6,-1
EAST FAYETTE STREET,FAYETTE,STREET,7,17,6,-1
EAST GENESEE STREET,GENESEE,STREET,7,17,6,-1
EAST KENNEDY STREET,KENNEDY,STREET,7,17,6,-1
ERIE BOULEVARD EAST,ERIE,BOULEVARD,4,17,9,5
ERIE BOULEVARD WEST,ERIE,BOULEVARD,4,17,9,5
FOURTH NORTH STREET,FOURTH NORTH,STREET,11,17,6,-5
KIRKPATRICK STREET,KIRKPATRICK,STREET,11,17,6,-5
LEAVENWORTH AVENUE,LEAVENWORTH,AVENUE,11,17,6,-5
LORETTO ROUNDABOUT,LORETTO ROUNDABOUT,,17,17,0,-17
MOUNT OLYMPUS DRIVE,MOUNT OLYMPUS,DRIVE,12,17,5,-7
NEWBURY HOLLOW LANE,NEWBURY HOLLOW,LANE,13,17,4,-9
NORTH ALVORD STREET,ALVORD,STREET,6,17,6,0
NORTH CROUSE AVENUE,CROUSE,AVENUE,6,17,6,0
NORTH GEDDES STREET,GEDDES,STREET,6,17,6,0
NORTH GLENCOVE ROAD,GLENCOVE,ROAD,8,17,4,-4
NORTH LOWELL AVENUE,LOWELL,AVENUE,6,17,6,0
NORTH MIDLER AVENUE,NORTH MIDLER,AVENUE,11,17,6,-5
NORTH SALINA STREET,SALINA,STREET,6,17,6,0
NORTH WARREN STREET,WARREN,STREET,6,17,6,0
NORTH WILBUR AVENUE,WILBUR,AVENUE,6,17,6,0
ONONDAGA BOULEVARD,ONONDAGA,BOULEVARD,8,17,9,1
SAINT MARYS TERRACE,SAINT MARYS,TERRACE,10,17,7,-3
SARAH LOGUEN STREET,SARAH LOGUEN,STREET,11,17,6,-5
SECOND NORTH STREET,SECOND NORTH,STREET,11,17,6,-5
SOUTH ALVORD STREET,ALVORD,STREET,6,17,6,0
SOUTH CARBON STREET,CARBON,STREET,6,17,6,0
SOUTH CROUSE AVENUE,CROUSE,AVENUE,6,17,6,0
SOUTH GEDDES STREET,GEDDES,STREET,6,17,6,0
SOUTH GLENCOVE ROAD,GLENCOVE,ROAD,8,17,4,-4
SOUTH LOWELL AVENUE,LOWELL,AVENUE,6,17,6,0
SOUTH MIDLER AVENUE,MIDLER,AVENUE,6,17,6,0
SOUTH SALINA STREET,SALINA,STREET,6,17,6,0
SOUTH WARREN STREET,WARREN,STREET,6,17,6,0
SOUTH WILBUR AVENUE,WILBUR,AVENUE,6,17,6,0
SPRINGBROOK AVENUE,SPRINGBROOK,AVENUE,11,17,6,-5
SUNNYSIDE PARK ROAD,SUNNYSIDE PARK,ROAD,13,17,4,-9
WEST BISSELL STREET,BISSELL,STREET,7,17,6,-1
WEST CORNING AVENUE,CORNING,AVENUE,7,17,6,-1
WEST FAYETTE STREET,FAYETTE,STREET,7,17,6,-1
WEST GENESEE STREET,GENESEE,STREET,7,17,6,-1
WEST KENNEDY STREET,KENNEDY,STREET,7,17,6,-1
WESTMINSTER AVENUE,WESTMINSTER,AVENUE,11,17,6,-5
COMMONWEALTH AVENUE,COMMONWEALTH,AVENUE,12,18,6,-6
DARLINGTON ROAD EAST,DARLINGTON,ROAD,10,18,4,-6
EAST BRIGHTON AVENUE,BRIGHTON,AVENUE,8,18,6,-2
EAST CHELTENHAM ROAD,CHELTENHAM,ROAD,10,18,4,-6
EAST DIVISION STREET,DIVISION,STREET,8,18,6,-2
EAST FLORENCE AVENUE,FLORENCE,AVENUE,8,18,6,-2
EAST GENESEE PARKWAY,GENESEE,PARKWAY,7,18,7,0
EAST GIFFORD PARKWAY,GIFFORD,PARKWAY,7,18,7,0
EAST ONONDAGA STREET,ONONDAGA,STREET,8,18,6,-2
EAST PLEASANT AVENUE,PLEASANT,AVENUE,8,18,6,-2
EAST SENECA TURNPIKE,SENECA,TURNPIKE,6,18,8,2
EAST WARRINGTON ROAD,WARRINGTON,ROAD,10,18,4,-6
MCCHESNEY PARK DRIVE,MCCHESNEY PARK,DRIVE,13,18,5,-8
MORNINGSIDE TERRACE,MORNINGSIDE,TERRACE,11,18,7,-4
MOUNTAINVIEW AVENUE,MOUNTAINVIEW,AVENUE,12,18,6,-6
NORTH CLINTON STREET,CLINTON,STREET,7,18,6,-1
NORTH EDWARDS AVENUE,EDWARDS,AVENUE,7,18,6,-1
NORTH MCBRIDE STREET,MCBRIDE,STREET,7,18,6,-1
PENNSYLVANIA AVENUE,PENNSYLVANIA,AVENUE,12,18,6,-6
PLEASANTVIEW AVENUE,PLEASANTVIEW,AVENUE,12,18,6,-6
ROCK CUT ROUNDABAOUT,ROCK CUT ROUNDABAOUT,,18,18,0,-18
SALISBURY PARK DRIVE,SALISBURY PARK,DRIVE,13,18,5,-8
SCOTTHOLM BOULEVARD,SCOTTHOLM,BOULEVARD,9,18,9,0
SEVENTH NORTH STREET,SEVENTH NORTH,STREET,12,18,6,-6
SOUTH CLINTON STREET,CLINTON,STREET,7,18,6,-1
SOUTH EDWARDS AVENUE,EDWARDS,AVENUE,7,18,6,-1
SOUTH MCBRIDE STREET,MCBRIDE,STREET,7,18,6,-1
STATE FAIR BOULEVARD,STATE FAIR,BOULEVARD,9,18,9,0
WEST BRIGHTON AVENUE,BRIGHTON,AVENUE,8,18,6,-2
WEST CALTHROP AVENUE,CALTHROP,AVENUE,8,18,6,-2
WEST CHELTENHAM ROAD,CHELTENHAM,ROAD,10,18,4,-6
WEST DIVISION STREET,DIVISION,STREET,8,18,6,-2
WEST FLORENCE AVENUE,FLORENCE,AVENUE,8,18,6,-2
WEST LYNHURST AVENUE,LYNHURST,AVENUE,8,18,6,-2
WEST ONONDAGA STREET,ONONDAGA,STREET,8,18,6,-2
WEST PLEASANT AVENUE,PLEASANT,AVENUE,8,18,6,-2
WEST SENECA TURNPIKE,SENECA,TURNPIKE,6,18,8,2
WEST WARRINGTON ROAD,WARRINGTON,ROAD,10,18,4,-6
WESTMORELAND AVENUE,WESTMORELAND,AVENUE,12,18,6,-6
CITY CROSSROADS DRIVE,CITY CROSSROADS,DRIVE,14,19,5,-9
EAST JEFFERSON STREET,JEFFERSON,STREET,9,19,6,-3
EAST LAFAYETTE AVENUE,LAFAYETTE,AVENUE,9,19,6,-3
EAST OSTRANDER AVENUE,OSTRANDER,AVENUE,9,19,6,-3
J STANLEY COYNE CIRCLE,J STANLEY COYNE,CIRCLE,13,19,6,-7
NORTH CHELTENHAM ROAD,CHELTENHAM,ROAD,10,19,4,-6
NORTH FRANKLIN STREET,FRANKLIN,STREET,8,19,6,-2
NORTH LORRAINE AVENUE,LORRAINE,AVENUE,8,19,6,-2
NORTH TOWNSEND STREET,TOWNSEND,STREET,8,19,6,-2
ONONDAGA LAKE PARKWAY,ONONDAGA LAKE,PARKWAY,12,19,7,-5
SOUTH FRANKLIN STREET,FRANKLIN,STREET,8,19,6,-2
SOUTH TOWNSEND STREET,TOWNSEND,STREET,8,19,6,-2
VAN RENSSELAER STREET,VAN RENSSELAER,STREET,13,19,6,-7
WEST JEFFERSON STREET,JEFFERSON,STREET,9,19,6,-3
WEST LAFAYETTE AVENUE,LAFAYETTE,AVENUE,9,19,6,-3
WEST MARCELLUS STREET,MARCELLUS,STREET,9,19,6,-3
WEST OSTRANDER AVENUE,OSTRANDER,AVENUE,9,19,6,-3
CEDAR RIDGE APARTMENTS,CEDAR RIDGE APARTMENTS,,20,20,0,-20
EAST WASHINGTON STREET,WASHINGTON,STREET,10,20,6,-4
MARTIN LUTHER KING EAST,MARTIN LUTHER KING,,16,20,0,-16
MARTIN LUTHER KING WEST,MARTIN LUTHER KING,,16,20,0,-16
MONTICELLO DRIVE NORTH,MONTICELLO,DRIVE,10,20,5,-5
MONTICELLO DRIVE SOUTH,MONTICELLO,DRIVE,10,20,5,-5
WEST WASHINGTON STREET,WASHINGTON,STREET,10,20,6,-4
HIAWATHA BOULEVARD EAST,HIAWATHA,BOULEVARD,8,21,9,1
HIAWATHA BOULEVARD WEST,HIAWATHA,BOULEVARD,8,21,9,1
ONONDAGA PARK DRIVE EAST,ONONDAGA PARK,DRIVE,12,21,5,-7
VILLAGE DRIVE EXTENSION,VILLAGE,DRIVE,7,21,5,-2
WEST KIRKPATRICK STREET,KIRKPATRICK,STREET,11,21,6,-5
NORTH COLLINGWOOD AVENUE,COLLINGWOOD,AVENUE,11,22,6,-5
ONONDAGA CREEK BOULEVARD,ONONDAGA CREEK,BOULEVARD,13,22,9,-4
SOUTH COLLINGWOOD AVENUE,COLLINGWOOD,AVENUE,11,22,6,-5
ELIZABETH BLACKWELL STREET,ELIZABETH BLACKWELL,STREET,18,24,6,-12
ONONDAGA CREEK BOULEVARD EAST,ONONDAGA CREEK,BOULEVARD,13,26,9,-4
WEST STREET ARTERIAL NORTHBOUND,WEST STREET ARTERIAL,,18,28,0,-18
WEST STREET ARTERIAL SOUTHBOUND,WEST STREET ARTERIAL,,18,28,0,-18
GENANT TO NORTH CLINTON CONNECTOR,GENANT TO NORTH CLINTON CONNECTOR,,29,29,0,-29
EAST BRIGHTON AVENUE AVENUE NORTHBOUND,BRIGHTON AVENUE,AVENUE,14,34,6,-8
