FID,ID,SPP_COM,SPP_BOT,DBH,AREA,PLANTDATE,CENSUSTRAC,ARPA,ADDRESS,STREET,X,Y,LATITUDE,LONGITUDE,x2,y2,tree_name
20019,69271,"Maple, Hedge",Acer campestre,2.0,Northside,Spring 2013,15,Yes,705,Oak St,939688.169896,1116132.310859,43.0623907260174,-76.1362367764739,-8475447.36411157,5321474.49176774,maple
20020,69272,"Maple, Hedge",Acer campestre,2.0,Northside,Spring 2013,15,Yes,705,Oak St,939651.668565,1116128.720564,43.0623814087942,-76.1363734328645,-8475462.57663623,5321473.07214779,maple
20324,69574,"Maple, Tatarian",Acer tataricum,4.0,Northside,Spring 2013,8,Yes,1223,Oak St,939591.43801101,1118582.63633,43.0691151355209,-76.1365499166,-8475482.22277569,5322499.1129734,maple
20325,69575,"Maple, Silver",Acer saccharinum,12.0,Northside,To Be Determined,8,Yes,1217,Oak St,939595.353982004,1118535.64468499,43.0689861467,-76.1365361982,-8475480.69565557,5322479.45744598,maple
20339,69589,"Maple, Hedge",Acer campestre,25.0,Northside,To Be Determined,8,Yes,1109,Oak St,939627.720852992,1117900.81283599,43.0672438765,-76.1364277255,-8475468.62050619,5322213.97156566,maple
20340,69590,"Maple, Norway",Acer platanoides,9.0,Northside,To Be Determined,8,Yes,1007,Oak St,939652.482144997,1117400.08449899,43.0658696587,-76.1363450459901,-8475459.41665209,5322004.57457449,maple
20344,69594,"Maple, Tatarian",Acer tataricum,5.0,Northside,To Be Determined,15,Yes,827,Oak St,939688.778844,1116756.583123,43.0641035432694,-76.1362220507904,-8475445.72486984,5321735.46890547,maple
20348,69598,"Maple, Hedge",Acer campestre,18.0,Northside,To Be Determined,15,Yes,705,Oak St,939720.610355,1116203.373422,43.0625852272614,-76.1361139698753,-8475433.69334077,5321504.12700793,maple
20349,69599,"Maple, Hedge",Acer campestre,15.0,Northside,To Be Determined,15,Yes,705,Oak St,939720.610355,1116173.737188,43.0625039138264,-76.1361145609135,-8475433.75913418,5321491.73765097,maple
20359,69609,"Maple, Hedge",Acer campestre,20.0,Northside,To Be Determined,Unassigned,No,531,Oak St,939813.889792,1115420.39214,43.0604355834628,-76.13578055162,-8475396.57736032,5321176.6011207,maple
20360,69610,"Maple, Hedge",Acer campestre,12.0,Northside,To Be Determined,Unassigned,No,531,Oak St,939830.907025,1115396.771448,43.060370525914,-76.1357173480838,-8475389.54157204,5321166.68894555,maple
20362,69612,"Maple, Hedge",Acer campestre,24.0,Northside,To Be Determined,Unassigned,No,527,Oak St,939875.473859,1115330.746509,43.0601887197421,-76.1355519066236,-8475371.12470545,5321138.9889933,maple
20363,69613,"maple, Amur",Acer tataricum ginnala,13.0,Northside,To Be Determined,Unassigned,No,523,Oak St,939952.227851,1115214.377553,43.0598683120734,-76.1352670350808,-8475339.41293743,5321090.1719444,maple
20608,69026,"Maple, Hedge",Acer campestre,12.0,Lincoln Hill,To Be Determined,24,Yes,315,Oak St,940425.479633011,1114280.10371999,43.0572979815,-76.1335149793,-8475144.37489686,5320698.56771995,maple
20609,69027,"Maple, Hedge",Acer campestre,22.0,Lincoln Hill,To Be Determined,24,Yes,315,Oak St,940425.479633015,1114251.688658,43.0572200186,-76.1335155492,-8475144.43833411,5320686.68988823,maple
20614,69032,"Maple, Norway",Acer platanoides,14.0,Lincoln Hill,To Be Determined,24,Yes,311,Oak St,940433.837004004,1114121.31366998,43.0568621834,-76.1334868941,-8475141.24846332,5320632.17306856,maple
20658,69076,"maple, Miyabe",Acer miyabei,5.0,Lincoln Hill,Fall 2017,24,Yes,211,Oak St,940460.781532594,1113673.40712654,43.0556328574,-76.1333950642,-8475131.02598808,5320444.88551855,maple
20665,69083,"Maple, Norway",Acer platanoides,10.0,Lincoln Hill,To Be Determined,24,Yes,129,Oak St,940501.151653,1113033.624357,43.0538768789938,-76.1332568567925,-8475115.64079137,5320177.36908855,maple
22122,70167,"Maple, Silver",Acer saccharinum,21.0,Lincoln Hill,To Be Determined,24,Yes,208,Oak St,940504.269371991,1113661.436604,43.0555993738,-76.1332325946,-8475112.93994934,5320439.78435646,maple
22125,70170,"Oak, Red",Quercus rubra,19.0,Lincoln Hill,To Be Determined,24,Yes,300,Oak St,940482.885109,1113989.19055197,43.0564989532,-76.1333060279,-8475121.11451391,5320576.83463829,oak
22126,70171,"Maple, Norway",Acer platanoides,18.0,Lincoln Hill,To Be Determined,24,Yes,302,Oak St,940480.048220012,1114031.53084101,43.0566151648,-76.1333157927,-8475122.20153576,5320594.53953751,maple
22127,70172,"Maple, Norway",Acer platanoides,15.0,Lincoln Hill,To Be Determined,24,Yes,304,Oak St,940477.670523016,1114083.28050499,43.0567571863,-76.1333236508,-8475123.07628843,5320616.17663771,maple
22129,70174,"Maple, Norway",Acer platanoides,13.0,Lincoln Hill,To Be Determined,24,Yes,316,Oak St,940472.481881005,1114188.782891,43.0570467315,-76.1333409478,-8475125.00178427,5320660.28925678,maple
22130,70175,"Maple, Sugar",Acer saccharum,19.0,Lincoln Hill,To Be Determined,24,Yes,316,Oak St,940467.639149005,1114258.656602,43.0572385165,-76.1333576654,-8475126.86279052,5320689.50809261,maple
22132,70177,"Maple, Norway",Acer platanoides,11.0,Lincoln Hill,To Be Determined,24,Yes,318,Oak St,940464.180054,1114314.693935,43.0573923180642,-76.1333694837762,-8475128.17840339,5320712.9401338,maple
22135,70180,"Oak, Red",Quercus rubra,18.0,Lincoln Hill,To Be Determined,Unassigned,No,404,Oak St,940399.149075003,1114633.622458,43.0582683245,-76.1336064092,-8475154.55284125,5320846.40297102,oak
28430,76117,"Maple, Norway",Acer platanoides,17.0,Sedgwick,To Be Determined,8,Yes,1118,Oak St,939662.994825,1117990.508387,43.0674894599024,-76.1362939345301,-8475453.72696216,5322251.39293513,maple
28440,76119,"Maple, Norway",Acer platanoides,20.0,Sedgwick,To Be Determined,8,Yes,1128,Oak St,939660.516327,1118065.925545,43.0676964192842,-76.1363017059406,-8475454.59207364,5322282.92898842,maple
28450,76122,"Maple, Norway",Acer platanoides,17.0,Sedgwick,To Be Determined,8,Yes,1148,Oak St,939643.901561,1118273.290694,43.0682656128797,-76.1363597483246,-8475461.05332913,5322369.66210965,maple
28507,76135,"Maple, Norway",Acer platanoides,4.0,Sedgwick,To Be Determined,8,Yes,1210,Oak St,939636.949337,1118478.911141,43.0688298782089,-76.1363816663345,-8475463.49323636,5322455.64506206,maple
28522,76139,"Maple, Norway",Acer platanoides,27.0,Sedgwick,To Be Determined,8,Yes,1226,Oak St,939715.5112,1118659.355,43.069323815863,-76.1360840642003,-8475430.36431176,5322530.91210988,maple
28626,76167,"Maple, Norway",Acer platanoides,19.0,Sedgwick,To Be Determined,8,Yes,1300,Oak St,939724.160747,1118696.19504,43.0694247678686,-76.1360509597122,-8475426.67913667,5322546.29542023,maple
28631,76168,"Maple, Norway",Acer platanoides,26.0,Sedgwick,To Be Determined,8,Yes,1300,Oak St,939691.388609,1118692.4399,43.0694149441307,-76.1361736791404,-8475440.34020526,5322544.79845347,maple
28633,76169,"Maple, Norway",Acer platanoides,16.0,Sedgwick,To Be Determined,8,Yes,1300,Oak St,939623.155608,1118720.502383,43.0694929370303,-76.1364284709023,-8475468.70350427,5322556.68321352,maple
28638,76170,"Maple, Norway",Acer platanoides,16.0,Sedgwick,To Be Determined,8,Yes,1310,Oak St,939620.5154,1118788.489,43.069679511421,-76.1364369962572,-8475469.65254431,5322585.11396748,maple
28642,76171,"Maple, Norway",Acer platanoides,10.0,Sedgwick,To Be Determined,8,Yes,1318,Oak St,939616.2249,1118868.027,43.0698978036076,-76.1364514674043,-8475471.26346739,5322618.37808225,maple
28650,76172,"Oak, Swamp White",Quercus bicolor,4.0,Sedgwick,Spring 2013,8,Yes,1322,Oak St,939612.7257,1118904.353,43.0699975228782,-76.1364638386336,-8475472.64062762,5322633.57368733,oak
28658,76174,"Maple, Norway",Acer platanoides,11.0,Sedgwick,To Be Determined,8,Yes,1358,Oak St,939594.3342,1119244.894,43.0709321384631,-76.1365258795345,-8475479.5469992,5322775.99519833,maple
28725,76194,"Maple, Norway",Acer platanoides,17.0,Sedgwick,To Be Determined,8,Yes,1400,Oak St,939669.334,1119344.744,43.0712050019591,-76.1362432064556,-8475448.07996811,5322817.57594721,maple
28742,76200,"Maple, Norway",Acer platanoides,14.0,Sedgwick,To Be Determined,8,Yes,1426,Oak St,939575.3702,1119583.868,43.0718624628367,-76.1365900960061,-8475486.69555424,5322917.76494943,maple
29221,75913,"Maple, Norway",Acer platanoides,18.0,Sedgwick,To Be Determined,Unassigned,No,530,Oak St,939882.370421,1115582.728289,43.0608799856155,-76.1355210696296,-8475367.69195168,5321244.31056617,maple
29376,75951,"Maple, Norway",Acer platanoides,23.0,Sedgwick,To Be Determined,15,Yes,620,Oak St,939771.190421,1116068.973876,43.0622157331699,-76.1359273845012,-8475412.92274212,5321447.82901315,maple
29401,75956,"Maple, Boxelder",Acer negundo,12.0,Sedgwick,To Be Determined,15,Yes,700,Oak St,939777.851953,1116188.596557,43.0625438464825,-76.1359000709267,-8475409.88221069,5321497.82200679,maple
29412,75958,"Maple, Norway",Acer platanoides,5.0,Sedgwick,To Be Determined,15,Yes,700,Oak St,939776.884044,1116187.951284,43.0625420901966,-76.1359037056423,-8475410.28682549,5321497.55440951,maple
29415,75959,"Maple, Norway",Acer platanoides,8.0,Sedgwick,To Be Determined,15,Yes,704,Oak St,939772.851088,1116233.604345,43.062667408266,-76.1359178857878,-8475411.86535363,5321516.64857042,maple
29427,75962,"Maple, Norway",Acer platanoides,16.0,Sedgwick,To Be Determined,15,Yes,710,Oak St,939756.3966,1116363.627,43.0630243942957,-76.1359768634652,-8475418.43072377,5321571.04116935,maple
29431,75963,"Maple, Norway",Acer platanoides,4.0,Sedgwick,To Be Determined,15,Yes,714,Oak St,939764.7852,1116411.7,43.0631561702711,-76.1359445146206,-8475414.8296668,5321591.11945219,maple
29521,75984,"Maple, Norway",Acer platanoides,16.0,Sedgwick,To Be Determined,15,Yes,818,Oak St,939739.556282,1116651.603604,43.0638147667478,-76.1360341348159,-8475424.80615006,5321691.46833084,maple
29627,76014,"Maple, Silver",Acer saccharinum,6.0,Sedgwick,To Be Determined,8,Yes,938,Oak St,939771.669649,1117287.860861,43.0655600060559,-76.1359012708408,-8475410.01580988,5321957.39177397,maple
29629,76015,"Maple, Silver",Acer saccharinum,7.0,Sedgwick,To Be Determined,8,Yes,938,Oak St,939788.342629,1117289.221921,43.065563496461,-76.1358388516152,-8475403.06733126,5321957.92361763,maple
29639,76018,"Oak, Red",Quercus rubra,10.0,Sedgwick,Fall 2011,8,Yes,900,Oak St,939773.960406,1116863.12798,43.0643946263034,-76.1359011739092,-8475410.00500971,5321779.82113389,oak
29655,76022,"Maple, Norway",Acer platanoides,3.0,Sedgwick,To Be Determined,8,Yes,926,Oak St,939722.870422,1117145.032261,43.0651688388387,-76.1360867316457,-8475430.66121563,5321897.78866783,maple
29673,76025,"Maple, Norway",Acer platanoides,16.0,Sedgwick,To Be Determined,8,Yes,1000,Oak St,939713.100881,1117337.255807,43.065696388427,-76.1361194562165,-8475434.3041038,5321978.17277728,maple
29687,76028,"Maple, Sugar",Acer saccharum,13.0,Sedgwick,To Be Determined,8,Yes,1036,Oak St,939714.902517,1117751.094482,43.0668318174902,-76.136104459887,-8475432.63472903,5322151.1834182,maple
29692,76029,"Maple, Sugar",Acer saccharum,18.0,Sedgwick,To Be Determined,8,Yes,1036,Oak St,939741.467839,1117752.400974,43.0668350135839,-76.1360050215069,-8475421.56529565,5322151.67042709,maple
29695,76030,"Oak, Red",Quercus rubra,26.0,Sedgwick,To Be Determined,8,Yes,1036,Oak St,939763.024945,1117754.360711,43.0668400751828,-76.1359243117479,-8475412.5807235,5322152.44169432,oak
29698,76031,"Oak, Black",Quercus velutina,19.0,Sedgwick,To Be Determined,8,Yes,1036,Oak St,939802.43743,1117756.320447,43.0668448754241,-76.1357767838559,-8475396.15798842,5322153.17313736,oak
29975,76093,"Maple, Norway",Acer platanoides,13.0,Sedgwick,To Be Determined,Unassigned,No,526,Oak St,939943.453305,1115306.950192,43.0601224338118,-76.1352980179382,-8475342.86193658,5321128.88970376,maple
29979,76094,"Maple, Norway",Acer platanoides,15.0,Sedgwick,To Be Determined,Unassigned,No,526,Oak St,939921.394245,1115359.943051,43.0602681543726,-76.1353794994936,-8475351.932426,5321151.09162924,maple
32344,81863,"Maple, Shantung",Acer Truncatum,2.0,Northside,Spring 2014,8,Yes,1365,Oak St,939555.527629,1119271.14208,43.0710047226046,-76.1366705875727,-8475495.65583015,5322787.05603169,maple
43555,91238,"Maple, Paperbark",Acer griseum,3.0,Lincoln Hill,Fall 2014,24,Yes,305,Oak St,940441.058078018,1114001.11475998,43.0565322852,-76.1334622868,-8475138.50918412,5320581.91277894,maple
47532,94665,"Maple, Paperbark",Acer griseum,2.0,Northside,Fall 2016,8,Yes,929,Oak St,939666.557320612,1117166.94195713,43.0652297762,-76.1362970231,-8475454.07076302,5321907.07381302,maple
