FID,ID,SPP_COM,SPP_BOT,DBH,AREA,PLANTDATE,CENSUSTRAC,ARPA,ADDRESS,STREET,X,Y,LATITUDE,LONGITUDE,x2,y2,tree_name,substring_match,whole_word_match
1748,47404,"Oak, Red",Quercus rubra,3.0,Southside,To Be Determined,53,Yes,520,Oakwood Ave,937427.62,1105390.13,43.0329498461357,-76.1449055285366,-8476412.36524186,5316989.80699369,oak,True,False
3125,49260,"Maple, Norway",Acer platanoides,14.0,Westcott,To Be Determined,35,Yes,170,Maple Ter,943373.56,1110005.19,43.0455249400227,-76.1225722571846,-8473926.23614922,5318905.08883467,maple,True,True
3553,48597,"maple, Amur",Acer tataricum ginnala,8.0,South Valley,To Be Determined,61.03,Yes,174,Maplewood Ave,938539.39,1089067.89,42.9881497987158,-76.1410688094783,-8475985.26311691,5310169.6091447,maple,True,False
3703,49465,"Maple, Norway",Acer platanoides,24.0,South Valley,To Be Determined,61.03,Yes,153,Maplewood Ave,938328.03,1089093.29,42.9882225396332,-76.1418582497015,-8476073.14322956,5310180.67892455,maple,True,False
3707,49466,"Maple, Silver",Acer saccharinum,28.0,South Valley,To Be Determined,61.03,Yes,147,Maplewood Ave,938256.63,1089096.66,42.9882328150318,-76.1421250349706,-8476102.84163955,5310182.24264427,maple,True,False
4453,50389,"Maple, Boxelder",Acer negundo,3.0,Near Eastside,To Be Determined,35,Yes,203,Maple St,942713.120000003,1111274.39999999,43.0490172172,-76.12501696,-8474198.37933677,5319437.05863695,maple,True,True
5088,51275,"Oak, Black",Quercus velutina,1.0,South Valley,Spring 2017,61.03,Yes,124,Oakley Dr E,938085.57,1088672.06,42.987070279113,-76.1427726773163,-8476174.93686925,5310005.32831385,oak,True,False
5664,50606,"Maple, Norway",Acer platanoides,14.0,Westcott,To Be Determined,35,Yes,170,Maple Ter,943343.53,1110002.09,43.0455168867193,-76.1226846594941,-8473938.74872106,5318903.86212946,maple,True,True
5667,50607,"Maple, Norway",Acer platanoides,17.0,Westcott,To Be Determined,35,Yes,160,Maple Ter,943218.74,1109994.53,43.0454980222534,-76.1231516390901,-8473990.73266854,5318900.98863241,maple,True,True
5669,50608,"Maple, Norway",Acer platanoides,16.0,Westcott,To Be Determined,35,Yes,154,Maple Ter,943092.07,1109986.36,43.0454775104615,-76.1236256637665,-8474043.50087102,5318897.8642105,maple,True,True
6001,53605,"Maple, Norway",Acer platanoides,20.0,South Valley,To Be Determined,61.03,Yes,116,Maplewood Ave,937963.19,1089045.42,42.9880964472404,-76.1432227452552,-8476225.03822779,5310161.4900595,maple,True,False
6891,53242,"Maple, Sugar",Acer saccharum,12.0,South Valley,To Be Determined,61.03,Yes,300,Maplewood Ave,939518.97,1089248.91,42.9886322681251,-76.1374041286591,-8475577.31258647,5310243.03208356,maple,True,False
7155,53356,"Maple, Norway",Acer platanoides,16.0,Westcott,To Be Determined,35,Yes,158,Maple Ter,943156.43,1109989.42,43.0454849388795,-76.1233848380752,-8474016.6922691,5318898.99573126,maple,True,True
7433,53475,"Oak, Red",Quercus rubra,2.0,North Valley,Fall 2014,60,No,143,Oakdale Dr,934218.040408,1095863.60382,43.0068568438726,-76.1570906303708,-8477768.80479289,5313016.89732692,oak,True,False
7873,53141,"Maple, Paperbark",Acer griseum,8.0,South Valley,To Be Determined,61.03,Yes,194,Maplewood Ave,938747.46,1089075.72,42.9881682749093,-76.1402910124085,-8475898.67911535,5310172.42087365,maple,True,False
7885,53144,"Maple, Norway",Acer platanoides,16.0,South Valley,To Be Determined,61.03,Yes,200,Maplewood Ave,938882.68,1089080.46,42.9881793230269,-76.1397855462858,-8475842.41086587,5310174.10218988,maple,True,False
7886,53145,"Maple, Norway",Acer platanoides,17.0,South Valley,To Be Determined,61.03,Yes,210,Maplewood Ave,938969.51,1089083.31,42.9881858847055,-76.1394609706473,-8475806.27925946,5310175.10075455,maple,True,False
7887,53146,"Maple, Norway",Acer platanoides,12.0,South Valley,To Be Determined,61.03,Yes,241,Maplewood Ave,939167.9,1089125.97,42.9883000554445,-76.1387186620955,-8475723.64582373,5310192.47539109,maple,True,False
7888,53147,"Maple, Norway",Acer platanoides,10.0,South Valley,To Be Determined,61.03,Yes,241,Maplewood Ave,939141.55,1089122.68,42.988291410999,-76.1388172080978,-8475734.61591799,5310191.15986787,maple,True,False
8648,54239,"Maple, Norway",Acer platanoides,13.0,South Valley,To Be Determined,61.03,Yes,127,Maplewood Ave,938068.89,1089084.13,42.9882011383317,-76.1428269428573,-8476180.97769305,5310177.422046,maple,True,False
9130,54530,"Oak, Black",Quercus velutina,1.0,South Valley,Spring 2017,61.03,Yes,172,Oakley Dr E,938530.357824,1088698.97623,42.9871377202306,-76.1411098225716,-8475989.82866659,5310015.59139934,oak,True,False
10487,57720,"Maple, Norway",Acer platanoides,16.0,Near Eastside,To Be Determined,34,Yes,322,Maple St,942543.210000009,1110757.08,43.0476003799,-76.1256631624,-8474270.31426924,5319221.23171566,maple,True,True
10493,57726,"Maple, Hedge",Acer campestre,21.0,Near Eastside,To Be Determined,35,Yes,325,Maple St,942581.959999999,1110767.68999998,43.047628911,-76.1255179818,-8474254.1528343,5319225.57780488,maple,True,True
10833,56066,"Maple, Boxelder",Acer negundo,4.0,Near Eastside,To Be Determined,35,Yes,203,Maple St,942729.479999998,1111267.02,43.0489967234,-76.1249559064498,-8474191.58288653,5319433.93678423,maple,True,True
20417,68454,"lilac, Japanese tree",Syringa reticulata,4.0,Northside,To Be Determined,14,Yes,147,Lilac St,935455.299815,1116579.663125,43.0636789206468,-76.1520672322216,-8477209.60296483,5321670.76957547,lilac,True,True
22125,70170,"Oak, Red",Quercus rubra,19.0,Lincoln Hill,To Be Determined,24,Yes,300,Oak St,940482.885109,1113989.19055197,43.0564989532,-76.1333060279,-8475121.11451391,5320576.83463829,oak,True,True
22135,70180,"Oak, Red",Quercus rubra,18.0,Lincoln Hill,To Be Determined,Unassigned,No,404,Oak St,940399.149075003,1114633.622458,43.0582683245,-76.1336064092,-8475154.55284125,5320846.40297102,oak,True,True
23255,71416,"Maple, Amur",Acer ginnala,10.0,Court-Woodlawn,To Be Determined,4,No,254,Maplehurst Ave,938459.26031101,1122838.01482899,43.0808071345,-76.1407028697,-8475944.52764574,5324280.93038113,maple,True,False
23272,71423,"Maple, Norway",Acer platanoides,18.0,Court-Woodlawn,To Be Determined,4,No,216,Maplehurst Ave,938711.904140999,1122599.286371,43.0801484713,-76.1397619398111,-8475839.78377526,5324180.54351032,maple,True,False
23284,71428,"Maple, Norway",Acer platanoides,20.0,Court-Woodlawn,To Be Determined,4,No,166,Maplehurst Ave,939057.963453991,1122290.63887498,43.0792966041,-76.138472768,-8475696.27377558,5324050.71202027,maple,True,False
28650,76172,"Oak, Swamp White",Quercus bicolor,4.0,Sedgwick,Spring 2013,8,Yes,1322,Oak St,939612.7257,1118904.353,43.0699975228782,-76.1364638386336,-8475472.64062762,5322633.57368733,oak,True,True
29639,76018,"Oak, Red",Quercus rubra,10.0,Sedgwick,Fall 2011,8,Yes,900,Oak St,939773.960406,1116863.12798,43.0643946263034,-76.1359011739092,-8475410.00500971,5321779.82113389,oak,True,True
29695,76030,"Oak, Red",Quercus rubra,26.0,Sedgwick,To Be Determined,8,Yes,1036,Oak St,939763.024945,1117754.360711,43.0668400751828,-76.1359243117479,-8475412.5807235,5322152.44169432,oak,True,True
29698,76031,"Oak, Black",Quercus velutina,19.0,Sedgwick,To Be Determined,8,Yes,1036,Oak St,939802.43743,1117756.320447,43.0668448754241,-76.1357767838559,-8475396.15798842,5322153.17313736,oak,True,True
32452,80206,"Elm, Siberian",Ulmus pumila,27.0,Elmwood,To Be Determined,57,No,136,Elmwood Ave,932356.673624988,1099850.52523197,43.0178216679,-76.1639750296,-8478535.17294386,5314686.19113316,elm,True,False
32463,80209,"Elm, Red",Ulmus rubra,1.0,Elmwood,To Be Determined,57,No,136,Elmwood Ave,932323.706627005,1099845.25403901,43.0178076567,-76.1640983988,-8478548.90635038,5314684.05786203,elm,True,False
32703,80262,"Elm, Siberian",Ulmus pumila,4.0,Elmwood,To Be Determined,57,No,139,Elmwood Ave,932324.200590013,1099809.50841299,43.0177095729,-76.164097219,-8478548.77501408,5314669.12418941,elm,True,False
33129,81254,"Ash, Green",Fraxinus pennsylvanica,19.0,Eastwood,To Be Determined,Unassigned,No,393,Ashdale Ave,946527.7331,1121132.37005,43.076006558711,-76.1105383564595,-8472586.62827091,5323549.29942491,ash,True,False
33134,81255,"Ash, Green",Fraxinus pennsylvanica,22.0,Eastwood,To Be Determined,Unassigned,No,393,Ashdale Ave,946491.856519045,1121131.51585012,43.0760047697274,-76.1106726507766,-8472601.57785072,5323549.02678495,ash,True,False
33138,81256,"Ash, Green",Fraxinus pennsylvanica,15.0,Eastwood,To Be Determined,Unassigned,No,393,Ashdale Ave,946444.875281643,1121154.57936666,43.0760687752477,-76.1108480026224,-8472621.09793576,5323558.78115979,ash,True,False
33139,81257,"Ash, Green",Fraxinus pennsylvanica,18.0,Eastwood,To Be Determined,Unassigned,No,393,Ashdale Ave,946534.566734865,1121187.03913068,43.0761564486221,-76.1105116267902,-8472583.65273803,5323572.14251113,ash,True,False
33143,81258,"Ash, Green",Fraxinus pennsylvanica,15.0,Eastwood,To Be Determined,Unassigned,No,393,Ashdale Ave,946572.151724787,1121287.83524002,43.0764324216382,-76.1103688291145,-8472567.75657066,5323614.2006947,ash,True,False
33147,81259,"Ash, Green",Fraxinus pennsylvanica,21.0,Eastwood,To Be Determined,Unassigned,No,393,Ashdale Ave,946527.733100334,1121298.08569182,43.0764612327876,-76.1105348608936,-8472586.23914999,5323618.5915128,ash,True,False
33149,81260,"Ash, Green",Fraxinus pennsylvanica,18.0,Eastwood,To Be Determined,Unassigned,No,393,Ashdale Ave,946535.420939182,1121334.81647742,43.0765618921707,-76.1105053123391,-8472582.94981973,5323633.93201905,ash,True,False
33172,81263,"Ash, Green",Fraxinus pennsylvanica,25.0,Eastwood,To Be Determined,Unassigned,No,393,Ashdale Ave,946806.203707104,1121370.69305621,43.0766561347639,-76.1094910784625,-8472470.04578533,5323648.29463439,ash,True,False
33183,81265,"Ash, Green",Fraxinus pennsylvanica,13.0,Eastwood,To Be Determined,Unassigned,No,393,Ashdale Ave,946923.229697818,1121785.83636096,43.0777933487268,-76.1090442926198,-8472420.30980629,5323821.60824376,ash,True,False
33184,81266,"Ash, Green",Fraxinus pennsylvanica,12.0,Eastwood,To Be Determined,Unassigned,No,393,Ashdale Ave,946913.833450338,1121790.96158686,43.0778075565583,-76.1090793527881,-8472424.21268775,5323823.77356488,ash,True,False
33189,81267,"Ash, Green",Fraxinus pennsylvanica,15.0,Eastwood,To Be Determined,Unassigned,No,393,Ashdale Ave,946906.999815807,1121802.06624297,43.0778381303892,-76.1091046950093,-8472427.03377208,5323828.43312115,ash,True,False
33193,81268,"Ash, Green",Fraxinus pennsylvanica,6.0,Eastwood,To Be Determined,Unassigned,No,393,Ashdale Ave,946830.975631646,1121844.77645879,43.0779564931948,-76.1093883381562,-8472458.60879396,5323846.47203781,ash,True,False
33196,81269,"Ash, Green",Fraxinus pennsylvanica,4.0,Eastwood,To Be Determined,Unassigned,No,393,Ashdale Ave,946839.51767481,1121853.31850195,43.0779797975739,-76.109356185955,-8472455.02962633,5323850.02371353,ash,True,False
33199,81270,"Ash, Green",Fraxinus pennsylvanica,4.0,Eastwood,To Be Determined,Unassigned,No,393,Ashdale Ave,946829.267223014,1121848.19327605,43.0779658943957,-76.1093946602156,-8472459.31256271,5323847.90481619,ash,True,False
33204,81271,"Ash, Green",Fraxinus pennsylvanica,4.0,Eastwood,To Be Determined,Unassigned,No,393,Ashdale Ave,946830.975631646,1121862.71474943,43.0780057104672,-76.1093879588281,-8472458.56656775,5323853.97293786,ash,True,False
33475,81338,"Maple, Norway",Acer platanoides,3.0,Court-Woodlawn,Fall 2014,4,No,150,Maplehurst Ave,939167.921059998,1122169.68402998,43.0789631384,-76.1380636060511,-8475650.72605482,5323999.88963459,maple,True,False
35610,81957,"Maple, Hedge",Acer campestre,1.0,Westcott,Spring 2022,35,Yes,401,Maple St,942591.390162,1110376.37455,43.0465551096868,-76.1254906886172,-8474251.11456386,5319062.00882886,maple,True,True
35611,81958,"Maple, Hedge",Acer campestre,1.0,Westcott,Spring 2022,35,Yes,401,Maple St,942588.398271071,1110406.10529036,43.0466367273051,-76.125501274463,-8474252.29297589,5319074.44129906,maple,True,True
35612,81959,"Maple, Hedge",Acer campestre,1.0,Westcott,Spring 2022,35,Yes,101,Maple Ter,942592.096587461,1110320.96845924,43.0464030802836,-76.1254891765053,-8474250.946235,5319038.85087014,maple,True,True
35970,82376,"Oak, Red",Quercus rubra,2.0,North Valley,Fall 2014,60,No,143,Oakdale Dr,934245.934055,1095872.75789,43.0068815719592,-76.1569861748328,-8477757.17685205,5313020.66161657,oak,True,False
43709,91834,"Oak, Bur / Mossy-cup",Quercus macrocarpa,1.0,Southside,Fall 2013,53,Yes,571,Oakwood Ave,937751.272958,1104917.66721,43.0316488901931,-76.1437042776669,-8476278.64255262,5316791.68399506,oak,True,False
43711,91836,"Oak, Bur / Mossy-cup",Quercus macrocarpa,1.0,Southside,Fall 2013,53,Yes,571,Oakwood Ave,937710.252307,1104899.72068,43.0316002389031,-76.1438580482601,-8476295.76022188,5316784.2749547,oak,True,False
43713,91838,"Oak, Bur / Mossy-cup",Quercus macrocarpa,1.0,Southside,Fall 2013,53,Yes,571,Oakwood Ave,937676.923027,1104888.61092,43.0315702352629,-76.1439829187466,-8476309.66074509,5316779.70574291,oak,True,False
45318,93314,"maple, Miyabe",Acer miyabei,3.0,Court-Woodlawn,Fall 2015,4,No,239,Maplehurst Ave,938521.332131002,1122734.41953,43.0805220001,-76.1404725798,-8475918.89188029,5324237.47291863,maple,True,False
45320,93315,"maple, Miyabe",Acer miyabei,3.0,Court-Woodlawn,Fall 2015,4,No,239,Maplehurst Ave,938554.505126995,1122703.37446998,43.0804363409,-76.1403490262558,-8475905.13796288,5324224.41759451,maple,True,False
51335,100325,"Oak, Northern Pin",Quercus ellipsoidalis,1.0,Southside,Spring 2022,42,Yes,311,Oakwood Ave,937282.735946555,1106806.94450179,43.0368392822981,-76.1454197734367,-8476469.6107734,5317582.1555447,oak,True,False
51818,100445,"Oak, Northern Pin",Quercus ellipsoidalis,1.0,Southside,Spring 2022,42,Yes,311,Oakwood Ave,937273.838060241,1106915.98413927,43.0371385843087,-76.1454509274982,-8476473.07883129,5317627.73997224,oak,True,False
53712,100800,"Oak, Swamp White",Quercus bicolor,1.0,Southwest,Fall 2020,52,Yes,131,Oakdale,934744.33085729,1105580.95106913,43.0335114145442,-76.154937744031,-8477529.14672779,5317075.32966608,oak,True,False
